date,region,state,cases,deaths
2020-02-26,Sudeste,São Paulo,1,0
2020-02-27,Sudeste,São Paulo,1,0
2020-02-28,Sudeste,São Paulo,1,0
2020-02-29,Sudeste,São Paulo,2,0
2020-03-01,Sudeste,São Paulo,2,0
2020-03-02,Sudeste,São Paulo,2,0
2020-03-03,Sudeste,São Paulo,2,0
2020-03-04,Sudeste,São Paulo,3,0
2020-03-05,Sudeste,Rio de Janeiro,1,0
2020-03-05,Sudeste,São Paulo,6,0
2020-03-06,Nordeste,Bahia,1,0
2020-03-06,Sudeste,Espírito Santo,1,0
2020-03-06,Sudeste,Rio de Janeiro,1,0
2020-03-06,Sudeste,São Paulo,10,0
2020-03-07,Centro-Oeste,Distrito Federal,1,0
2020-03-07,Nordeste,Bahia,2,0
2020-03-07,Sudeste,Espírito Santo,1,0
2020-03-07,Sudeste,Rio de Janeiro,2,0
2020-03-07,Sudeste,São Paulo,13,0
2020-03-08,Centro-Oeste,Distrito Federal,1,0
2020-03-08,Nordeste,Alagoas,1,0
2020-03-08,Nordeste,Bahia,2,0
2020-03-08,Sudeste,Espírito Santo,1,0
2020-03-08,Sudeste,Minas Gerais,1,0
2020-03-08,Sudeste,Rio de Janeiro,3,0
2020-03-08,Sudeste,São Paulo,16,0
2020-03-09,Centro-Oeste,Distrito Federal,1,0
2020-03-09,Nordeste,Alagoas,1,0
2020-03-09,Nordeste,Bahia,2,0
2020-03-09,Sudeste,Espírito Santo,1,0
2020-03-09,Sudeste,Minas Gerais,1,0
2020-03-09,Sudeste,Rio de Janeiro,3,0
2020-03-09,Sudeste,São Paulo,16,0
2020-03-10,Centro-Oeste,Distrito Federal,1,0
2020-03-10,Nordeste,Alagoas,1,0
2020-03-10,Nordeste,Bahia,2,0
2020-03-10,Sudeste,Espírito Santo,1,0
2020-03-10,Sudeste,Minas Gerais,1,0
2020-03-10,Sudeste,Rio de Janeiro,8,0
2020-03-10,Sudeste,São Paulo,19,0
2020-03-10,Sul,Rio Grande do Sul,1,0
2020-03-11,Centro-Oeste,Distrito Federal,2,0
2020-03-11,Nordeste,Alagoas,1,0
2020-03-11,Nordeste,Bahia,2,0
2020-03-11,Sudeste,Espírito Santo,1,0
2020-03-11,Sudeste,Minas Gerais,1,0
2020-03-11,Sudeste,Rio de Janeiro,13,0
2020-03-11,Sudeste,São Paulo,30,0
2020-03-11,Sul,Rio Grande do Sul,2,0
2020-03-12,Centro-Oeste,Distrito Federal,2,0
2020-03-12,Nordeste,Alagoas,1,0
2020-03-12,Nordeste,Bahia,2,0
2020-03-12,Nordeste,Pernambuco,2,0
2020-03-12,Sudeste,Espírito Santo,1,0
2020-03-12,Sudeste,Minas Gerais,1,0
2020-03-12,Sudeste,Rio de Janeiro,16,0
2020-03-12,Sudeste,São Paulo,42,0
2020-03-12,Sul,Paraná,6,0
2020-03-12,Sul,Rio Grande do Sul,4,0
2020-03-13,Centro-Oeste,Distrito Federal,2,0
2020-03-13,Centro-Oeste,Goiás,3,0
2020-03-13,Nordeste,Alagoas,1,0
2020-03-13,Nordeste,Bahia,2,0
2020-03-13,Nordeste,Pernambuco,2,0
2020-03-13,Nordeste,Rio Grande do Norte,1,0
2020-03-13,Sudeste,Espírito Santo,1,0
2020-03-13,Sudeste,Minas Gerais,2,0
2020-03-13,Sudeste,Rio de Janeiro,16,0
2020-03-13,Sudeste,São Paulo,56,0
2020-03-13,Sul,Paraná,6,0
2020-03-13,Sul,Rio Grande do Sul,4,0
2020-03-13,Sul,Santa Catarina,2,0
2020-03-14,Centro-Oeste,Distrito Federal,6,0
2020-03-14,Centro-Oeste,Goiás,3,0
2020-03-14,Nordeste,Alagoas,1,0
2020-03-14,Nordeste,Bahia,2,0
2020-03-14,Nordeste,Pernambuco,2,0
2020-03-14,Nordeste,Rio Grande do Norte,1,0
2020-03-14,Sudeste,Espírito Santo,1,0
2020-03-14,Sudeste,Minas Gerais,2,0
2020-03-14,Sudeste,Rio de Janeiro,22,0
2020-03-14,Sudeste,São Paulo,65,0
2020-03-14,Sul,Paraná,6,0
2020-03-14,Sul,Rio Grande do Sul,6,0
2020-03-14,Sul,Santa Catarina,4,0
2020-03-15,Centro-Oeste,Distrito Federal,8,0
2020-03-15,Centro-Oeste,Goiás,3,0
2020-03-15,Nordeste,Alagoas,1,0
2020-03-15,Nordeste,Bahia,2,0
2020-03-15,Nordeste,Pernambuco,2,0
2020-03-15,Nordeste,Rio Grande do Norte,1,0
2020-03-15,Nordeste,Sergipe,1,0
2020-03-15,Norte,Amazonas,1,0
2020-03-15,Sudeste,Espírito Santo,1,0
2020-03-15,Sudeste,Minas Gerais,2,0
2020-03-15,Sudeste,Rio de Janeiro,24,0
2020-03-15,Sudeste,São Paulo,136,0
2020-03-15,Sul,Paraná,6,0
2020-03-15,Sul,Rio Grande do Sul,6,0
2020-03-15,Sul,Santa Catarina,6,0
2020-03-16,Centro-Oeste,Distrito Federal,13,0
2020-03-16,Centro-Oeste,Goiás,3,0
2020-03-16,Centro-Oeste,Mato Grosso do Sul,2,0
2020-03-16,Nordeste,Alagoas,1,0
2020-03-16,Nordeste,Bahia,2,0
2020-03-16,Nordeste,Pernambuco,2,0
2020-03-16,Nordeste,Rio Grande do Norte,1,0
2020-03-16,Nordeste,Sergipe,1,0
2020-03-16,Norte,Amazonas,1,0
2020-03-16,Sudeste,Espírito Santo,1,0
2020-03-16,Sudeste,Minas Gerais,5,0
2020-03-16,Sudeste,Rio de Janeiro,31,0
2020-03-16,Sudeste,São Paulo,152,0
2020-03-16,Sul,Paraná,6,0
2020-03-16,Sul,Rio Grande do Sul,6,0
2020-03-16,Sul,Santa Catarina,7,0
2020-03-17,Centro-Oeste,Distrito Federal,22,0
2020-03-17,Centro-Oeste,Goiás,6,0
2020-03-17,Centro-Oeste,Mato Grosso do Sul,4,0
2020-03-17,Nordeste,Alagoas,1,0
2020-03-17,Nordeste,Bahia,3,0
2020-03-17,Nordeste,Ceará,5,0
2020-03-17,Nordeste,Pernambuco,16,0
2020-03-17,Nordeste,Rio Grande do Norte,1,0
2020-03-17,Nordeste,Sergipe,4,0
2020-03-17,Norte,Amazonas,1,0
2020-03-17,Sudeste,Espírito Santo,1,0
2020-03-17,Sudeste,Minas Gerais,7,0
2020-03-17,Sudeste,Rio de Janeiro,33,0
2020-03-17,Sudeste,São Paulo,164,1
2020-03-17,Sul,Paraná,6,0
2020-03-17,Sul,Rio Grande do Sul,10,0
2020-03-17,Sul,Santa Catarina,7,0
2020-03-18,Centro-Oeste,Distrito Federal,26,0
2020-03-18,Centro-Oeste,Goiás,8,0
2020-03-18,Centro-Oeste,Mato Grosso do Sul,7,0
2020-03-18,Nordeste,Alagoas,1,0
2020-03-18,Nordeste,Bahia,3,0
2020-03-18,Nordeste,Ceará,9,0
2020-03-18,Nordeste,Pernambuco,16,0
2020-03-18,Nordeste,Rio Grande do Norte,1,0
2020-03-18,Nordeste,Sergipe,5,0
2020-03-18,Norte,Amazonas,1,0
2020-03-18,Sudeste,Espírito Santo,9,0
2020-03-18,Sudeste,Minas Gerais,15,0
2020-03-18,Sudeste,Rio de Janeiro,45,0
2020-03-18,Sudeste,São Paulo,240,4
2020-03-18,Sul,Paraná,13,0
2020-03-18,Sul,Rio Grande do Sul,19,0
2020-03-18,Sul,Santa Catarina,10,0
2020-03-19,Centro-Oeste,Distrito Federal,42,0
2020-03-19,Centro-Oeste,Goiás,12,0
2020-03-19,Centro-Oeste,Mato Grosso do Sul,7,0
2020-03-19,Nordeste,Alagoas,4,0
2020-03-19,Nordeste,Bahia,30,0
2020-03-19,Nordeste,Ceará,20,0
2020-03-19,Nordeste,Paraíba,1,0
2020-03-19,Nordeste,Pernambuco,28,0
2020-03-19,Nordeste,Rio Grande do Norte,1,0
2020-03-19,Nordeste,Sergipe,6,0
2020-03-19,Norte,Acre,3,0
2020-03-19,Norte,Amazonas,3,0
2020-03-19,Norte,Pará,1,0
2020-03-19,Norte,Tocantins,1,0
2020-03-19,Sudeste,Espírito Santo,11,0
2020-03-19,Sudeste,Minas Gerais,29,0
2020-03-19,Sudeste,Rio de Janeiro,65,2
2020-03-19,Sudeste,São Paulo,286,4
2020-03-19,Sul,Paraná,23,0
2020-03-19,Sul,Rio Grande do Sul,28,0
2020-03-19,Sul,Santa Catarina,20,0
2020-03-20,Centro-Oeste,Distrito Federal,87,0
2020-03-20,Centro-Oeste,Goiás,15,0
2020-03-20,Centro-Oeste,Mato Grosso,1,0
2020-03-20,Centro-Oeste,Mato Grosso do Sul,9,0
2020-03-20,Nordeste,Alagoas,5,0
2020-03-20,Nordeste,Bahia,33,0
2020-03-20,Nordeste,Ceará,55,0
2020-03-20,Nordeste,Paraíba,1,0
2020-03-20,Nordeste,Pernambuco,30,0
2020-03-20,Nordeste,Piauí,3,0
2020-03-20,Nordeste,Rio Grande do Norte,1,0
2020-03-20,Nordeste,Sergipe,6,0
2020-03-20,Norte,Acre,7,0
2020-03-20,Norte,Amapá,1,0
2020-03-20,Norte,Amazonas,3,0
2020-03-20,Norte,Pará,2,0
2020-03-20,Norte,Rondônia,1,0
2020-03-20,Norte,Tocantins,1,0
2020-03-20,Sudeste,Espírito Santo,13,0
2020-03-20,Sudeste,Minas Gerais,35,0
2020-03-20,Sudeste,Rio de Janeiro,109,2
2020-03-20,Sudeste,São Paulo,396,9
2020-03-20,Sul,Paraná,32,0
2020-03-20,Sul,Rio Grande do Sul,37,0
2020-03-20,Sul,Santa Catarina,21,0
2020-03-21,Centro-Oeste,Distrito Federal,100,0
2020-03-21,Centro-Oeste,Goiás,20,0
2020-03-21,Centro-Oeste,Mato Grosso,2,0
2020-03-21,Centro-Oeste,Mato Grosso do Sul,16,0
2020-03-21,Nordeste,Alagoas,7,0
2020-03-21,Nordeste,Bahia,41,0
2020-03-21,Nordeste,Ceará,68,0
2020-03-21,Nordeste,Maranhão,1,0
2020-03-21,Nordeste,Paraíba,1,0
2020-03-21,Nordeste,Pernambuco,30,0
2020-03-21,Nordeste,Piauí,4,0
2020-03-21,Nordeste,Rio Grande do Norte,6,0
2020-03-21,Nordeste,Sergipe,10,0
2020-03-21,Norte,Acre,9,0
2020-03-21,Norte,Amapá,1,0
2020-03-21,Norte,Amazonas,11,0
2020-03-21,Norte,Pará,2,0
2020-03-21,Norte,Rondônia,1,0
2020-03-21,Norte,Tocantins,2,0
2020-03-21,Sudeste,Espírito Santo,26,0
2020-03-21,Sudeste,Minas Gerais,38,0
2020-03-21,Sudeste,Rio de Janeiro,119,3
2020-03-21,Sudeste,São Paulo,459,15
2020-03-21,Sul,Paraná,43,0
2020-03-21,Sul,Rio Grande do Sul,60,0
2020-03-21,Sul,Santa Catarina,51,0
2020-03-22,Centro-Oeste,Distrito Federal,117,0
2020-03-22,Centro-Oeste,Goiás,21,0
2020-03-22,Centro-Oeste,Mato Grosso,2,0
2020-03-22,Centro-Oeste,Mato Grosso do Sul,21,0
2020-03-22,Nordeste,Alagoas,7,0
2020-03-22,Nordeste,Bahia,49,0
2020-03-22,Nordeste,Ceará,112,0
2020-03-22,Nordeste,Maranhão,2,0
2020-03-22,Nordeste,Paraíba,1,0
2020-03-22,Nordeste,Pernambuco,37,0
2020-03-22,Nordeste,Piauí,4,0
2020-03-22,Nordeste,Rio Grande do Norte,9,0
2020-03-22,Nordeste,Sergipe,10,0
2020-03-22,Norte,Acre,11,0
2020-03-22,Norte,Amapá,1,0
2020-03-22,Norte,Amazonas,26,0
2020-03-22,Norte,Pará,4,0
2020-03-22,Norte,Rondônia,3,0
2020-03-22,Norte,Roraima,2,0
2020-03-22,Norte,Tocantins,2,0
2020-03-22,Sudeste,Espírito Santo,26,0
2020-03-22,Sudeste,Minas Gerais,83,0
2020-03-22,Sudeste,Rio de Janeiro,186,3
2020-03-22,Sudeste,São Paulo,631,22
2020-03-22,Sul,Paraná,50,0
2020-03-22,Sul,Rio Grande do Sul,72,0
2020-03-22,Sul,Santa Catarina,57,0
2020-03-23,Centro-Oeste,Distrito Federal,133,0
2020-03-23,Centro-Oeste,Goiás,23,0
2020-03-23,Centro-Oeste,Mato Grosso,2,0
2020-03-23,Centro-Oeste,Mato Grosso do Sul,21,0
2020-03-23,Nordeste,Alagoas,7,0
2020-03-23,Nordeste,Bahia,63,0
2020-03-23,Nordeste,Ceará,163,0
2020-03-23,Nordeste,Maranhão,2,0
2020-03-23,Nordeste,Paraíba,2,0
2020-03-23,Nordeste,Pernambuco,42,0
2020-03-23,Nordeste,Piauí,6,0
2020-03-23,Nordeste,Rio Grande do Norte,13,0
2020-03-23,Nordeste,Sergipe,10,0
2020-03-23,Norte,Acre,11,0
2020-03-23,Norte,Amapá,1,0
2020-03-23,Norte,Amazonas,32,0
2020-03-23,Norte,Pará,5,0
2020-03-23,Norte,Rondônia,3,0
2020-03-23,Norte,Roraima,2,0
2020-03-23,Norte,Tocantins,5,0
2020-03-23,Sudeste,Espírito Santo,29,0
2020-03-23,Sudeste,Minas Gerais,128,0
2020-03-23,Sudeste,Rio de Janeiro,233,4
2020-03-23,Sudeste,São Paulo,745,30
2020-03-23,Sul,Paraná,56,0
2020-03-23,Sul,Rio Grande do Sul,86,0
2020-03-23,Sul,Santa Catarina,68,0
2020-03-24,Centro-Oeste,Distrito Federal,160,0
2020-03-24,Centro-Oeste,Goiás,27,0
2020-03-24,Centro-Oeste,Mato Grosso,7,0
2020-03-24,Centro-Oeste,Mato Grosso do Sul,23,0
2020-03-24,Nordeste,Alagoas,9,0
2020-03-24,Nordeste,Bahia,76,0
2020-03-24,Nordeste,Ceará,182,0
2020-03-24,Nordeste,Maranhão,8,0
2020-03-24,Nordeste,Paraíba,3,0
2020-03-24,Nordeste,Pernambuco,42,0
2020-03-24,Nordeste,Piauí,6,0
2020-03-24,Nordeste,Rio Grande do Norte,13,0
2020-03-24,Nordeste,Sergipe,15,0
2020-03-24,Norte,Acre,17,0
2020-03-24,Norte,Amapá,1,0
2020-03-24,Norte,Amazonas,47,0
2020-03-24,Norte,Pará,5,0
2020-03-24,Norte,Rondônia,3,0
2020-03-24,Norte,Roraima,2,0
2020-03-24,Norte,Tocantins,7,0
2020-03-24,Sudeste,Espírito Santo,33,0
2020-03-24,Sudeste,Minas Gerais,130,0
2020-03-24,Sudeste,Rio de Janeiro,305,6
2020-03-24,Sudeste,São Paulo,810,40
2020-03-24,Sul,Paraná,65,0
2020-03-24,Sul,Rio Grande do Sul,98,0
2020-03-24,Sul,Santa Catarina,107,0
2020-03-25,Centro-Oeste,Distrito Federal,160,0
2020-03-25,Centro-Oeste,Goiás,29,0
2020-03-25,Centro-Oeste,Mato Grosso,8,0
2020-03-25,Centro-Oeste,Mato Grosso do Sul,24,0
2020-03-25,Nordeste,Alagoas,11,0
2020-03-25,Nordeste,Bahia,84,0
2020-03-25,Nordeste,Ceará,200,0
2020-03-25,Nordeste,Maranhão,8,0
2020-03-25,Nordeste,Paraíba,3,0
2020-03-25,Nordeste,Pernambuco,46,1
2020-03-25,Nordeste,Piauí,8,0
2020-03-25,Nordeste,Rio Grande do Norte,14,0
2020-03-25,Nordeste,Sergipe,16,0
2020-03-25,Norte,Acre,23,0
2020-03-25,Norte,Amapá,1,0
2020-03-25,Norte,Amazonas,54,1
2020-03-25,Norte,Pará,7,0
2020-03-25,Norte,Rondônia,5,0
2020-03-25,Norte,Roraima,8,0
2020-03-25,Norte,Tocantins,7,0
2020-03-25,Sudeste,Espírito Santo,39,0
2020-03-25,Sudeste,Minas Gerais,133,0
2020-03-25,Sudeste,Rio de Janeiro,370,6
2020-03-25,Sudeste,São Paulo,862,48
2020-03-25,Sul,Paraná,81,0
2020-03-25,Sul,Rio Grande do Sul,123,1
2020-03-25,Sul,Santa Catarina,109,0
2020-03-26,Centro-Oeste,Distrito Federal,200,0
2020-03-26,Centro-Oeste,Goiás,39,1
2020-03-26,Centro-Oeste,Mato Grosso,11,0
2020-03-26,Centro-Oeste,Mato Grosso do Sul,25,0
2020-03-26,Nordeste,Alagoas,11,0
2020-03-26,Nordeste,Bahia,104,0
2020-03-26,Nordeste,Ceará,235,3
2020-03-26,Nordeste,Maranhão,10,0
2020-03-26,Nordeste,Paraíba,5,0
2020-03-26,Nordeste,Pernambuco,48,3
2020-03-26,Nordeste,Piauí,9,0
2020-03-26,Nordeste,Rio Grande do Norte,19,0
2020-03-26,Nordeste,Sergipe,16,0
2020-03-26,Norte,Acre,24,0
2020-03-26,Norte,Amapá,2,0
2020-03-26,Norte,Amazonas,67,1
2020-03-26,Norte,Pará,13,0
2020-03-26,Norte,Rondônia,5,0
2020-03-26,Norte,Roraima,8,0
2020-03-26,Norte,Tocantins,7,0
2020-03-26,Sudeste,Espírito Santo,39,0
2020-03-26,Sudeste,Minas Gerais,153,0
2020-03-26,Sudeste,Rio de Janeiro,421,9
2020-03-26,Sudeste,São Paulo,1052,58
2020-03-26,Sul,Paraná,102,0
2020-03-26,Sul,Rio Grande do Sul,168,1
2020-03-26,Sul,Santa Catarina,122,1
2020-03-27,Centro-Oeste,Distrito Federal,230,0
2020-03-27,Centro-Oeste,Goiás,49,1
2020-03-27,Centro-Oeste,Mato Grosso,11,0
2020-03-27,Centro-Oeste,Mato Grosso do Sul,28,0
2020-03-27,Nordeste,Alagoas,11,0
2020-03-27,Nordeste,Bahia,115,0
2020-03-27,Nordeste,Ceará,282,3
2020-03-27,Nordeste,Maranhão,13,0
2020-03-27,Nordeste,Paraíba,9,0
2020-03-27,Nordeste,Pernambuco,56,4
2020-03-27,Nordeste,Piauí,9,0
2020-03-27,Nordeste,Rio Grande do Norte,28,0
2020-03-27,Nordeste,Sergipe,16,0
2020-03-27,Norte,Acre,25,0
2020-03-27,Norte,Amapá,2,0
2020-03-27,Norte,Amazonas,81,1
2020-03-27,Norte,Pará,13,0
2020-03-27,Norte,Rondônia,6,0
2020-03-27,Norte,Roraima,10,0
2020-03-27,Norte,Tocantins,8,0
2020-03-27,Sudeste,Espírito Santo,47,0
2020-03-27,Sudeste,Minas Gerais,189,0
2020-03-27,Sudeste,Rio de Janeiro,493,10
2020-03-27,Sudeste,São Paulo,1223,68
2020-03-27,Sul,Paraná,119,2
2020-03-27,Sul,Rio Grande do Sul,195,2
2020-03-27,Sul,Santa Catarina,149,1
2020-03-28,Centro-Oeste,Distrito Federal,260,0
2020-03-28,Centro-Oeste,Goiás,56,1
2020-03-28,Centro-Oeste,Mato Grosso,13,0
2020-03-28,Centro-Oeste,Mato Grosso do Sul,31,0
2020-03-28,Nordeste,Alagoas,14,0
2020-03-28,Nordeste,Bahia,127,0
2020-03-28,Nordeste,Ceará,314,4
2020-03-28,Nordeste,Maranhão,14,0
2020-03-28,Nordeste,Paraíba,14,0
2020-03-28,Nordeste,Pernambuco,68,5
2020-03-28,Nordeste,Piauí,11,1
2020-03-28,Nordeste,Rio Grande do Norte,45,0
2020-03-28,Nordeste,Sergipe,16,0
2020-03-28,Norte,Acre,25,0
2020-03-28,Norte,Amapá,4,0
2020-03-28,Norte,Amazonas,111,1
2020-03-28,Norte,Pará,17,0
2020-03-28,Norte,Rondônia,6,0
2020-03-28,Norte,Roraima,12,0
2020-03-28,Norte,Tocantins,9,0
2020-03-28,Sudeste,Espírito Santo,53,0
2020-03-28,Sudeste,Minas Gerais,205,0
2020-03-28,Sudeste,Rio de Janeiro,558,13
2020-03-28,Sudeste,São Paulo,1406,84
2020-03-28,Sul,Paraná,133,2
2020-03-28,Sul,Rio Grande do Sul,197,2
2020-03-28,Sul,Santa Catarina,184,1
2020-03-29,Centro-Oeste,Distrito Federal,289,1
2020-03-29,Centro-Oeste,Goiás,58,1
2020-03-29,Centro-Oeste,Mato Grosso,16,0
2020-03-29,Centro-Oeste,Mato Grosso do Sul,36,0
2020-03-29,Nordeste,Alagoas,17,0
2020-03-29,Nordeste,Bahia,154,1
2020-03-29,Nordeste,Ceará,348,5
2020-03-29,Nordeste,Maranhão,16,0
2020-03-29,Nordeste,Paraíba,14,0
2020-03-29,Nordeste,Pernambuco,73,5
2020-03-29,Nordeste,Piauí,14,1
2020-03-29,Nordeste,Rio Grande do Norte,68,1
2020-03-29,Nordeste,Sergipe,16,0
2020-03-29,Norte,Acre,34,0
2020-03-29,Norte,Amapá,4,0
2020-03-29,Norte,Amazonas,140,1
2020-03-29,Norte,Pará,18,0
2020-03-29,Norte,Rondônia,6,0
2020-03-29,Norte,Roraima,16,0
2020-03-29,Norte,Tocantins,9,0
2020-03-29,Sudeste,Espírito Santo,60,0
2020-03-29,Sudeste,Minas Gerais,231,0
2020-03-29,Sudeste,Rio de Janeiro,600,17
2020-03-29,Sudeste,São Paulo,1451,98
2020-03-29,Sul,Paraná,148,2
2020-03-29,Sul,Rio Grande do Sul,226,2
2020-03-29,Sul,Santa Catarina,194,1
2020-03-30,Centro-Oeste,Distrito Federal,312,1
2020-03-30,Centro-Oeste,Goiás,61,1
2020-03-30,Centro-Oeste,Mato Grosso,18,0
2020-03-30,Centro-Oeste,Mato Grosso do Sul,44,0
2020-03-30,Nordeste,Alagoas,17,0
2020-03-30,Nordeste,Bahia,176,1
2020-03-30,Nordeste,Ceará,372,5
2020-03-30,Nordeste,Maranhão,23,1
2020-03-30,Nordeste,Paraíba,15,0
2020-03-30,Nordeste,Pernambuco,78,6
2020-03-30,Nordeste,Piauí,16,3
2020-03-30,Nordeste,Rio Grande do Norte,77,1
2020-03-30,Nordeste,Sergipe,16,0
2020-03-30,Norte,Acre,42,0
2020-03-30,Norte,Amapá,8,0
2020-03-30,Norte,Amazonas,151,1
2020-03-30,Norte,Pará,21,0
2020-03-30,Norte,Rondônia,6,0
2020-03-30,Norte,Roraima,16,0
2020-03-30,Norte,Tocantins,10,0
2020-03-30,Sudeste,Espírito Santo,72,0
2020-03-30,Sudeste,Minas Gerais,261,1
2020-03-30,Sudeste,Rio de Janeiro,657,18
2020-03-30,Sudeste,São Paulo,1517,113
2020-03-30,Sul,Paraná,155,3
2020-03-30,Sul,Rio Grande do Sul,241,3
2020-03-30,Sul,Santa Catarina,197,1
2020-03-31,Centro-Oeste,Distrito Federal,332,3
2020-03-31,Centro-Oeste,Goiás,65,1
2020-03-31,Centro-Oeste,Mato Grosso,25,0
2020-03-31,Centro-Oeste,Mato Grosso do Sul,48,1
2020-03-31,Nordeste,Alagoas,18,1
2020-03-31,Nordeste,Bahia,213,2
2020-03-31,Nordeste,Ceará,390,7
2020-03-31,Nordeste,Maranhão,31,1
2020-03-31,Nordeste,Paraíba,17,0
2020-03-31,Nordeste,Pernambuco,87,6
2020-03-31,Nordeste,Piauí,18,4
2020-03-31,Nordeste,Rio Grande do Norte,82,1
2020-03-31,Nordeste,Sergipe,19,0
2020-03-31,Norte,Acre,42,0
2020-03-31,Norte,Amapá,10,0
2020-03-31,Norte,Amazonas,175,3
2020-03-31,Norte,Pará,32,0
2020-03-31,Norte,Rondônia,8,1
2020-03-31,Norte,Roraima,16,0
2020-03-31,Norte,Tocantins,11,0
2020-03-31,Sudeste,Espírito Santo,84,0
2020-03-31,Sudeste,Minas Gerais,275,2
2020-03-31,Sudeste,Rio de Janeiro,708,23
2020-03-31,Sudeste,São Paulo,2339,136
2020-03-31,Sul,Paraná,179,3
2020-03-31,Sul,Rio Grande do Sul,274,4
2020-03-31,Sul,Santa Catarina,219,2
2020-04-01,Centro-Oeste,Distrito Federal,355,3
2020-04-01,Centro-Oeste,Goiás,71,1
2020-04-01,Centro-Oeste,Mato Grosso,27,0
2020-04-01,Centro-Oeste,Mato Grosso do Sul,51,1
2020-04-01,Nordeste,Alagoas,18,1
2020-04-01,Nordeste,Bahia,246,2
2020-04-01,Nordeste,Ceará,444,8
2020-04-01,Nordeste,Maranhão,52,1
2020-04-01,Nordeste,Paraíba,20,1
2020-04-01,Nordeste,Pernambuco,95,8
2020-04-01,Nordeste,Piauí,18,4
2020-04-01,Nordeste,Rio Grande do Norte,92,2
2020-04-01,Nordeste,Sergipe,20,0
2020-04-01,Norte,Acre,43,0
2020-04-01,Norte,Amapá,11,0
2020-04-01,Norte,Amazonas,200,3
2020-04-01,Norte,Pará,40,1
2020-04-01,Norte,Rondônia,9,1
2020-04-01,Norte,Roraima,22,0
2020-04-01,Norte,Tocantins,12,0
2020-04-01,Sudeste,Espírito Santo,96,0
2020-04-01,Sudeste,Minas Gerais,314,3
2020-04-01,Sudeste,Rio de Janeiro,832,28
2020-04-01,Sudeste,São Paulo,2981,164
2020-04-01,Sul,Paraná,224,3
2020-04-01,Sul,Rio Grande do Sul,306,4
2020-04-01,Sul,Santa Catarina,235,2
2020-04-02,Centro-Oeste,Distrito Federal,370,4
2020-04-02,Centro-Oeste,Goiás,73,1
2020-04-02,Centro-Oeste,Mato Grosso,36,0
2020-04-02,Centro-Oeste,Mato Grosso do Sul,53,1
2020-04-02,Nordeste,Alagoas,18,1
2020-04-02,Nordeste,Bahia,267,3
2020-04-02,Nordeste,Ceará,550,20
2020-04-02,Nordeste,Maranhão,71,1
2020-04-02,Nordeste,Paraíba,21,1
2020-04-02,Nordeste,Pernambuco,106,9
2020-04-02,Nordeste,Piauí,19,4
2020-04-02,Nordeste,Rio Grande do Norte,105,2
2020-04-02,Nordeste,Sergipe,23,2
2020-04-02,Norte,Acre,43,0
2020-04-02,Norte,Amapá,11,0
2020-04-02,Norte,Amazonas,229,3
2020-04-02,Norte,Pará,46,1
2020-04-02,Norte,Rondônia,10,1
2020-04-02,Norte,Roraima,26,0
2020-04-02,Norte,Tocantins,12,0
2020-04-02,Sudeste,Espírito Santo,120,1
2020-04-02,Sudeste,Minas Gerais,370,4
2020-04-02,Sudeste,Rio de Janeiro,992,41
2020-04-02,Sudeste,São Paulo,3506,188
2020-04-02,Sul,Paraná,252,4
2020-04-02,Sul,Rio Grande do Sul,334,5
2020-04-02,Sul,Santa Catarina,247,2
2020-04-03,Centro-Oeste,Distrito Federal,402,5
2020-04-03,Centro-Oeste,Goiás,88,2
2020-04-03,Centro-Oeste,Mato Grosso,44,1
2020-04-03,Centro-Oeste,Mato Grosso do Sul,60,1
2020-04-03,Nordeste,Alagoas,22,2
2020-04-03,Nordeste,Bahia,282,5
2020-04-03,Nordeste,Ceará,627,22
2020-04-03,Nordeste,Maranhão,81,1
2020-04-03,Nordeste,Paraíba,29,1
2020-04-03,Nordeste,Pernambuco,136,10
2020-04-03,Nordeste,Piauí,21,4
2020-04-03,Nordeste,Rio Grande do Norte,176,4
2020-04-03,Nordeste,Sergipe,25,2
2020-04-03,Norte,Acre,46,0
2020-04-03,Norte,Amapá,19,0
2020-04-03,Norte,Amazonas,260,7
2020-04-03,Norte,Pará,50,1
2020-04-03,Norte,Rondônia,10,1
2020-04-03,Norte,Roraima,30,0
2020-04-03,Norte,Tocantins,12,0
2020-04-03,Sudeste,Espírito Santo,139,4
2020-04-03,Sudeste,Minas Gerais,397,6
2020-04-03,Sudeste,Rio de Janeiro,1074,47
2020-04-03,Sudeste,São Paulo,4048,219
2020-04-03,Sul,Paraná,301,4
2020-04-03,Sul,Rio Grande do Sul,396,5
2020-04-03,Sul,Santa Catarina,281,5
2020-04-04,Centro-Oeste,Distrito Federal,454,7
2020-04-04,Centro-Oeste,Goiás,103,2
2020-04-04,Centro-Oeste,Mato Grosso,56,1
2020-04-04,Centro-Oeste,Mato Grosso do Sul,62,1
2020-04-04,Nordeste,Alagoas,23,2
2020-04-04,Nordeste,Bahia,332,7
2020-04-04,Nordeste,Ceará,730,22
2020-04-04,Nordeste,Maranhão,88,1
2020-04-04,Nordeste,Paraíba,32,2
2020-04-04,Nordeste,Pernambuco,176,14
2020-04-04,Nordeste,Piauí,22,4
2020-04-04,Nordeste,Rio Grande do Norte,212,5
2020-04-04,Nordeste,Sergipe,27,2
2020-04-04,Norte,Acre,46,0
2020-04-04,Norte,Amapá,28,1
2020-04-04,Norte,Amazonas,311,12
2020-04-04,Norte,Pará,80,1
2020-04-04,Norte,Rondônia,11,1
2020-04-04,Norte,Roraima,37,1
2020-04-04,Norte,Tocantins,14,0
2020-04-04,Sudeste,Espírito Santo,153,5
2020-04-04,Sudeste,Minas Gerais,430,6
2020-04-04,Sudeste,Rio de Janeiro,1246,58
2020-04-04,Sudeste,São Paulo,4466,260
2020-04-04,Sul,Paraná,395,6
2020-04-04,Sul,Rio Grande do Sul,410,6
2020-04-04,Sul,Santa Catarina,334,5
2020-04-05,Centro-Oeste,Distrito Federal,468,7
2020-04-05,Centro-Oeste,Goiás,115,3
2020-04-05,Centro-Oeste,Mato Grosso,60,1
2020-04-05,Centro-Oeste,Mato Grosso do Sul,65,1
2020-04-05,Nordeste,Alagoas,28,2
2020-04-05,Nordeste,Bahia,401,9
2020-04-05,Nordeste,Ceará,823,26
2020-04-05,Nordeste,Maranhão,96,2
2020-04-05,Nordeste,Paraíba,34,4
2020-04-05,Nordeste,Pernambuco,201,21
2020-04-05,Nordeste,Piauí,23,4
2020-04-05,Nordeste,Rio Grande do Norte,242,7
2020-04-05,Nordeste,Sergipe,32,3
2020-04-05,Norte,Acre,48,0
2020-04-05,Norte,Amapá,29,2
2020-04-05,Norte,Amazonas,417,14
2020-04-05,Norte,Pará,86,1
2020-04-05,Norte,Rondônia,12,1
2020-04-05,Norte,Roraima,42,1
2020-04-05,Norte,Tocantins,17,0
2020-04-05,Sudeste,Espírito Santo,166,6
2020-04-05,Sudeste,Minas Gerais,498,6
2020-04-05,Sudeste,Rio de Janeiro,1394,64
2020-04-05,Sudeste,São Paulo,4620,275
2020-04-05,Sul,Paraná,438,9
2020-04-05,Sul,Rio Grande do Sul,418,7
2020-04-05,Sul,Santa Catarina,357,10
2020-04-06,Centro-Oeste,Distrito Federal,473,10
2020-04-06,Centro-Oeste,Goiás,119,5
2020-04-06,Centro-Oeste,Mato Grosso,76,1
2020-04-06,Centro-Oeste,Mato Grosso do Sul,66,1
2020-04-06,Nordeste,Alagoas,31,2
2020-04-06,Nordeste,Bahia,431,10
2020-04-06,Nordeste,Ceará,1013,29
2020-04-06,Nordeste,Maranhão,133,2
2020-04-06,Nordeste,Paraíba,35,4
2020-04-06,Nordeste,Pernambuco,223,30
2020-04-06,Nordeste,Piauí,23,4
2020-04-06,Nordeste,Rio Grande do Norte,246,7
2020-04-06,Nordeste,Sergipe,32,4
2020-04-06,Norte,Acre,50,0
2020-04-06,Norte,Amapá,34,2
2020-04-06,Norte,Amazonas,532,19
2020-04-06,Norte,Pará,102,3
2020-04-06,Norte,Rondônia,14,1
2020-04-06,Norte,Roraima,42,1
2020-04-06,Norte,Tocantins,17,0
2020-04-06,Sudeste,Espírito Santo,194,6
2020-04-06,Sudeste,Minas Gerais,525,9
2020-04-06,Sudeste,Rio de Janeiro,1461,71
2020-04-06,Sudeste,São Paulo,4866,304
2020-04-06,Sul,Paraná,458,11
2020-04-06,Sul,Rio Grande do Sul,481,7
2020-04-06,Sul,Santa Catarina,379,10
2020-04-07,Centro-Oeste,Distrito Federal,492,12
2020-04-07,Centro-Oeste,Goiás,133,5
2020-04-07,Centro-Oeste,Mato Grosso,78,1
2020-04-07,Centro-Oeste,Mato Grosso do Sul,80,2
2020-04-07,Nordeste,Alagoas,32,2
2020-04-07,Nordeste,Bahia,456,12
2020-04-07,Nordeste,Ceará,1051,31
2020-04-07,Nordeste,Maranhão,172,4
2020-04-07,Nordeste,Paraíba,36,4
2020-04-07,Nordeste,Pernambuco,352,34
2020-04-07,Nordeste,Piauí,28,4
2020-04-07,Nordeste,Rio Grande do Norte,254,8
2020-04-07,Nordeste,Sergipe,36,4
2020-04-07,Norte,Acre,50,1
2020-04-07,Norte,Amapá,48,2
2020-04-07,Norte,Amazonas,636,23
2020-04-07,Norte,Pará,138,5
2020-04-07,Norte,Rondônia,18,1
2020-04-07,Norte,Roraima,42,1
2020-04-07,Norte,Tocantins,19,0
2020-04-07,Sudeste,Espírito Santo,209,6
2020-04-07,Sudeste,Minas Gerais,559,11
2020-04-07,Sudeste,Rio de Janeiro,1688,89
2020-04-07,Sudeste,São Paulo,5682,371
2020-04-07,Sul,Paraná,503,15
2020-04-07,Sul,Rio Grande do Sul,508,8
2020-04-07,Sul,Santa Catarina,417,11
2020-04-08,Centro-Oeste,Distrito Federal,509,12
2020-04-08,Centro-Oeste,Goiás,158,7
2020-04-08,Centro-Oeste,Mato Grosso,90,1
2020-04-08,Centro-Oeste,Mato Grosso do Sul,85,2
2020-04-08,Nordeste,Alagoas,37,2
2020-04-08,Nordeste,Bahia,497,15
2020-04-08,Nordeste,Ceará,1291,43
2020-04-08,Nordeste,Maranhão,230,11
2020-04-08,Nordeste,Paraíba,41,4
2020-04-08,Nordeste,Pernambuco,401,46
2020-04-08,Nordeste,Piauí,31,5
2020-04-08,Nordeste,Rio Grande do Norte,261,11
2020-04-08,Nordeste,Sergipe,36,4
2020-04-08,Norte,Acre,54,2
2020-04-08,Norte,Amapá,107,2
2020-04-08,Norte,Amazonas,804,30
2020-04-08,Norte,Pará,167,6
2020-04-08,Norte,Rondônia,18,1
2020-04-08,Norte,Roraima,49,1
2020-04-08,Norte,Tocantins,23,0
2020-04-08,Sudeste,Espírito Santo,227,6
2020-04-08,Sudeste,Minas Gerais,614,14
2020-04-08,Sudeste,Rio de Janeiro,1938,106
2020-04-08,Sudeste,São Paulo,6708,428
2020-04-08,Sul,Paraná,539,17
2020-04-08,Sul,Rio Grande do Sul,555,9
2020-04-08,Sul,Santa Catarina,457,15
2020-04-09,Centro-Oeste,Distrito Federal,527,13
2020-04-09,Centro-Oeste,Goiás,179,7
2020-04-09,Centro-Oeste,Mato Grosso,108,2
2020-04-09,Centro-Oeste,Mato Grosso do Sul,89,2
2020-04-09,Nordeste,Alagoas,37,3
2020-04-09,Nordeste,Bahia,559,19
2020-04-09,Nordeste,Ceará,1425,55
2020-04-09,Nordeste,Maranhão,273,12
2020-04-09,Nordeste,Paraíba,55,7
2020-04-09,Nordeste,Pernambuco,555,56
2020-04-09,Nordeste,Piauí,38,6
2020-04-09,Nordeste,Rio Grande do Norte,261,11
2020-04-09,Nordeste,Sergipe,39,4
2020-04-09,Norte,Acre,62,2
2020-04-09,Norte,Amapá,128,2
2020-04-09,Norte,Amazonas,899,40
2020-04-09,Norte,Pará,168,7
2020-04-09,Norte,Rondônia,28,2
2020-04-09,Norte,Roraima,52,1
2020-04-09,Norte,Tocantins,23,0
2020-04-09,Sudeste,Espírito Santo,273,6
2020-04-09,Sudeste,Minas Gerais,655,15
2020-04-09,Sudeste,Rio de Janeiro,2216,122
2020-04-09,Sudeste,São Paulo,7480,496
2020-04-09,Sul,Paraná,609,22
2020-04-09,Sul,Rio Grande do Sul,618,12
2020-04-09,Sul,Santa Catarina,501,17
2020-04-10,Centro-Oeste,Distrito Federal,555,14
2020-04-10,Centro-Oeste,Goiás,191,8
2020-04-10,Centro-Oeste,Mato Grosso,112,2
2020-04-10,Centro-Oeste,Mato Grosso do Sul,97,2
2020-04-10,Nordeste,Alagoas,45,3
2020-04-10,Nordeste,Bahia,604,19
2020-04-10,Nordeste,Ceará,1478,58
2020-04-10,Nordeste,Maranhão,293,16
2020-04-10,Nordeste,Paraíba,79,11
2020-04-10,Nordeste,Pernambuco,684,65
2020-04-10,Nordeste,Piauí,40,7
2020-04-10,Nordeste,Rio Grande do Norte,263,11
2020-04-10,Nordeste,Sergipe,42,4
2020-04-10,Norte,Acre,70,2
2020-04-10,Norte,Amapá,166,2
2020-04-10,Norte,Amazonas,981,50
2020-04-10,Norte,Pará,170,9
2020-04-10,Norte,Rondônia,32,2
2020-04-10,Norte,Roraima,63,3
2020-04-10,Norte,Tocantins,23,0
2020-04-10,Sudeste,Espírito Santo,300,7
2020-04-10,Sudeste,Minas Gerais,698,17
2020-04-10,Sudeste,Rio de Janeiro,2464,147
2020-04-10,Sudeste,São Paulo,8216,540
2020-04-10,Sul,Paraná,643,25
2020-04-10,Sul,Rio Grande do Sul,636,14
2020-04-10,Sul,Santa Catarina,693,18
2020-04-11,Centro-Oeste,Distrito Federal,579,14
2020-04-11,Centro-Oeste,Goiás,209,10
2020-04-11,Centro-Oeste,Mato Grosso,121,3
2020-04-11,Centro-Oeste,Mato Grosso do Sul,100,2
2020-04-11,Nordeste,Alagoas,48,3
2020-04-11,Nordeste,Bahia,635,21
2020-04-11,Nordeste,Ceará,1582,67
2020-04-11,Nordeste,Maranhão,344,21
2020-04-11,Nordeste,Paraíba,85,11
2020-04-11,Nordeste,Pernambuco,816,72
2020-04-11,Nordeste,Piauí,41,7
2020-04-11,Nordeste,Rio Grande do Norte,289,13
2020-04-11,Nordeste,Sergipe,42,4
2020-04-11,Norte,Acre,72,2
2020-04-11,Norte,Amapá,193,3
2020-04-11,Norte,Amazonas,1050,53
2020-04-11,Norte,Pará,217,10
2020-04-11,Norte,Rondônia,33,2
2020-04-11,Norte,Roraima,75,3
2020-04-11,Norte,Tocantins,23,0
2020-04-11,Sudeste,Espírito Santo,349,9
2020-04-11,Sudeste,Minas Gerais,750,17
2020-04-11,Sudeste,Rio de Janeiro,2607,155
2020-04-11,Sudeste,São Paulo,8419,560
2020-04-11,Sul,Paraná,676,26
2020-04-11,Sul,Rio Grande do Sul,640,15
2020-04-11,Sul,Santa Catarina,732,21
2020-04-12,Centro-Oeste,Distrito Federal,614,14
2020-04-12,Centro-Oeste,Goiás,229,14
2020-04-12,Centro-Oeste,Mato Grosso,123,3
2020-04-12,Centro-Oeste,Mato Grosso do Sul,101,2
2020-04-12,Nordeste,Alagoas,48,3
2020-04-12,Nordeste,Bahia,673,21
2020-04-12,Nordeste,Ceará,1676,74
2020-04-12,Nordeste,Maranhão,398,24
2020-04-12,Nordeste,Paraíba,101,13
2020-04-12,Nordeste,Pernambuco,960,85
2020-04-12,Nordeste,Piauí,44,7
2020-04-12,Nordeste,Rio Grande do Norte,302,15
2020-04-12,Nordeste,Sergipe,44,4
2020-04-12,Norte,Acre,77,2
2020-04-12,Norte,Amapá,230,5
2020-04-12,Norte,Amazonas,1206,62
2020-04-12,Norte,Pará,246,13
2020-04-12,Norte,Rondônia,35,2
2020-04-12,Norte,Roraima,79,3
2020-04-12,Norte,Tocantins,25,0
2020-04-12,Sudeste,Espírito Santo,383,9
2020-04-12,Sudeste,Minas Gerais,806,20
2020-04-12,Sudeste,Rio de Janeiro,2855,170
2020-04-12,Sudeste,São Paulo,8755,588
2020-04-12,Sul,Paraná,738,30
2020-04-12,Sul,Rio Grande do Sul,653,16
2020-04-12,Sul,Santa Catarina,768,24
2020-04-13,Centro-Oeste,Distrito Federal,638,15
2020-04-13,Centro-Oeste,Goiás,233,15
2020-04-13,Centro-Oeste,Mato Grosso,134,4
2020-04-13,Centro-Oeste,Mato Grosso do Sul,113,4
2020-04-13,Nordeste,Alagoas,50,3
2020-04-13,Nordeste,Bahia,723,22
2020-04-13,Nordeste,Ceará,1800,91
2020-04-13,Nordeste,Maranhão,445,27
2020-04-13,Nordeste,Paraíba,111,13
2020-04-13,Nordeste,Pernambuco,1154,102
2020-04-13,Nordeste,Piauí,50,8
2020-04-13,Nordeste,Rio Grande do Norte,339,17
2020-04-13,Nordeste,Sergipe,44,4
2020-04-13,Norte,Acre,90,3
2020-04-13,Norte,Amapá,242,5
2020-04-13,Norte,Amazonas,1275,71
2020-04-13,Norte,Pará,270,15
2020-04-13,Norte,Rondônia,42,2
2020-04-13,Norte,Roraima,83,3
2020-04-13,Norte,Tocantins,26,0
2020-04-13,Sudeste,Espírito Santo,430,14
2020-04-13,Sudeste,Minas Gerais,815,23
2020-04-13,Sudeste,Rio de Janeiro,3231,188
2020-04-13,Sudeste,São Paulo,8895,608
2020-04-13,Sul,Paraná,756,31
2020-04-13,Sul,Rio Grande do Sul,664,16
2020-04-13,Sul,Santa Catarina,777,24
2020-04-14,Centro-Oeste,Distrito Federal,651,17
2020-04-14,Centro-Oeste,Goiás,284,15
2020-04-14,Centro-Oeste,Mato Grosso,138,4
2020-04-14,Centro-Oeste,Mato Grosso do Sul,115,4
2020-04-14,Nordeste,Alagoas,72,4
2020-04-14,Nordeste,Bahia,759,22
2020-04-14,Nordeste,Ceará,2005,107
2020-04-14,Nordeste,Maranhão,478,32
2020-04-14,Nordeste,Paraíba,136,16
2020-04-14,Nordeste,Pernambuco,1284,115
2020-04-14,Nordeste,Piauí,58,8
2020-04-14,Nordeste,Rio Grande do Norte,376,18
2020-04-14,Nordeste,Sergipe,45,4
2020-04-14,Norte,Acre,99,3
2020-04-14,Norte,Amapá,307,6
2020-04-14,Norte,Amazonas,1484,90
2020-04-14,Norte,Pará,323,19
2020-04-14,Norte,Rondônia,64,2
2020-04-14,Norte,Roraima,113,3
2020-04-14,Norte,Tocantins,26,0
2020-04-14,Sudeste,Espírito Santo,463,17
2020-04-14,Sudeste,Minas Gerais,884,27
2020-04-14,Sudeste,Rio de Janeiro,3410,224
2020-04-14,Sudeste,São Paulo,9371,695
2020-04-14,Sul,Paraná,791,36
2020-04-14,Sul,Rio Grande do Sul,700,18
2020-04-14,Sul,Santa Catarina,826,26
2020-04-15,Centro-Oeste,Distrito Federal,682,17
2020-04-15,Centro-Oeste,Goiás,304,15
2020-04-15,Centro-Oeste,Mato Grosso,151,4
2020-04-15,Centro-Oeste,Mato Grosso do Sul,121,4
2020-04-15,Nordeste,Alagoas,82,5
2020-04-15,Nordeste,Bahia,807,27
2020-04-15,Nordeste,Ceará,2157,116
2020-04-15,Nordeste,Maranhão,630,34
2020-04-15,Nordeste,Paraíba,151,21
2020-04-15,Nordeste,Pernambuco,1484,143
2020-04-15,Nordeste,Piauí,75,8
2020-04-15,Nordeste,Rio Grande do Norte,399,19
2020-04-15,Nordeste,Sergipe,46,4
2020-04-15,Norte,Acre,101,3
2020-04-15,Norte,Amapá,334,7
2020-04-15,Norte,Amazonas,1554,106
2020-04-15,Norte,Pará,384,21
2020-04-15,Norte,Rondônia,69,2
2020-04-15,Norte,Roraima,114,3
2020-04-15,Norte,Tocantins,26,1
2020-04-15,Sudeste,Espírito Santo,557,18
2020-04-15,Sudeste,Minas Gerais,903,30
2020-04-15,Sudeste,Rio de Janeiro,3743,265
2020-04-15,Sudeste,São Paulo,11043,778
2020-04-15,Sul,Paraná,803,38
2020-04-15,Sul,Rio Grande do Sul,747,19
2020-04-15,Sul,Santa Catarina,853,28
2020-04-16,Centro-Oeste,Distrito Federal,716,20
2020-04-16,Centro-Oeste,Goiás,318,16
2020-04-16,Centro-Oeste,Mato Grosso,156,5
2020-04-16,Centro-Oeste,Mato Grosso do Sul,131,5
2020-04-16,Nordeste,Alagoas,89,5
2020-04-16,Nordeste,Bahia,951,30
2020-04-16,Nordeste,Ceará,2386,124
2020-04-16,Nordeste,Maranhão,695,37
2020-04-16,Nordeste,Paraíba,165,24
2020-04-16,Nordeste,Pernambuco,1683,160
2020-04-16,Nordeste,Piauí,91,8
2020-04-16,Nordeste,Rio Grande do Norte,400,20
2020-04-16,Nordeste,Sergipe,48,4
2020-04-16,Norte,Acre,110,5
2020-04-16,Norte,Amapá,362,9
2020-04-16,Norte,Amazonas,1719,124
2020-04-16,Norte,Pará,438,24
2020-04-16,Norte,Rondônia,76,3
2020-04-16,Norte,Roraima,142,3
2020-04-16,Norte,Tocantins,29,1
2020-04-16,Sudeste,Espírito Santo,754,22
2020-04-16,Sudeste,Minas Gerais,958,33
2020-04-16,Sudeste,Rio de Janeiro,3944,300
2020-04-16,Sudeste,São Paulo,11568,853
2020-04-16,Sul,Paraná,832,41
2020-04-16,Sul,Rio Grande do Sul,780,19
2020-04-16,Sul,Santa Catarina,884,29
2020-04-17,Centro-Oeste,Distrito Federal,746,20
2020-04-17,Centro-Oeste,Goiás,335,16
2020-04-17,Centro-Oeste,Mato Grosso,162,5
2020-04-17,Centro-Oeste,Mato Grosso do Sul,143,5
2020-04-17,Nordeste,Alagoas,110,7
2020-04-17,Nordeste,Bahia,1059,36
2020-04-17,Nordeste,Ceará,2684,149
2020-04-17,Nordeste,Maranhão,797,40
2020-04-17,Nordeste,Paraíba,195,26
2020-04-17,Nordeste,Pernambuco,2006,186
2020-04-17,Nordeste,Piauí,102,8
2020-04-17,Nordeste,Rio Grande do Norte,463,23
2020-04-17,Nordeste,Sergipe,53,4
2020-04-17,Norte,Acre,135,5
2020-04-17,Norte,Amapá,370,10
2020-04-17,Norte,Amazonas,1809,145
2020-04-17,Norte,Pará,557,26
2020-04-17,Norte,Rondônia,92,3
2020-04-17,Norte,Roraima,164,3
2020-04-17,Norte,Tocantins,31,1
2020-04-17,Sudeste,Espírito Santo,856,25
2020-04-17,Sudeste,Minas Gerais,1021,35
2020-04-17,Sudeste,Rio de Janeiro,4349,341
2020-04-17,Sudeste,São Paulo,12841,928
2020-04-17,Sul,Paraná,874,42
2020-04-17,Sul,Rio Grande do Sul,802,22
2020-04-17,Sul,Santa Catarina,926,30
2020-04-18,Centro-Oeste,Distrito Federal,762,24
2020-04-18,Centro-Oeste,Goiás,378,18
2020-04-18,Centro-Oeste,Mato Grosso,171,5
2020-04-18,Centro-Oeste,Mato Grosso do Sul,161,5
2020-04-18,Nordeste,Alagoas,132,7
2020-04-18,Nordeste,Bahia,1193,37
2020-04-18,Nordeste,Ceará,3034,176
2020-04-18,Nordeste,Maranhão,1040,44
2020-04-18,Nordeste,Paraíba,205,26
2020-04-18,Nordeste,Pernambuco,2193,205
2020-04-18,Nordeste,Piauí,123,9
2020-04-18,Nordeste,Rio Grande do Norte,516,24
2020-04-18,Nordeste,Sergipe,71,5
2020-04-18,Norte,Acre,142,5
2020-04-18,Norte,Amapá,393,10
2020-04-18,Norte,Amazonas,1897,161
2020-04-18,Norte,Pará,640,33
2020-04-18,Norte,Rondônia,110,3
2020-04-18,Norte,Roraima,201,3
2020-04-18,Norte,Tocantins,33,1
2020-04-18,Sudeste,Espírito Santo,952,28
2020-04-18,Sudeste,Minas Gerais,1077,39
2020-04-18,Sudeste,Rio de Janeiro,4543,387
2020-04-18,Sudeste,São Paulo,13894,991
2020-04-18,Sul,Paraná,945,46
2020-04-18,Sul,Rio Grande do Sul,831,24
2020-04-18,Sul,Santa Catarina,962,31
2020-04-19,Centro-Oeste,Distrito Federal,827,24
2020-04-19,Centro-Oeste,Goiás,393,18
2020-04-19,Centro-Oeste,Mato Grosso,174,5
2020-04-19,Centro-Oeste,Mato Grosso do Sul,168,5
2020-04-19,Nordeste,Alagoas,159,15
2020-04-19,Nordeste,Bahia,1230,45
2020-04-19,Nordeste,Ceará,3252,186
2020-04-19,Nordeste,Maranhão,1205,48
2020-04-19,Nordeste,Paraíba,236,29
2020-04-19,Nordeste,Pernambuco,2459,216
2020-04-19,Nordeste,Piauí,145,10
2020-04-19,Nordeste,Rio Grande do Norte,531,25
2020-04-19,Nordeste,Sergipe,83,5
2020-04-19,Norte,Acre,163,6
2020-04-19,Norte,Amapá,416,11
2020-04-19,Norte,Amazonas,2044,182
2020-04-19,Norte,Pará,685,34
2020-04-19,Norte,Rondônia,128,4
2020-04-19,Norte,Roraima,222,3
2020-04-19,Norte,Tocantins,33,1
2020-04-19,Sudeste,Espírito Santo,1099,30
2020-04-19,Sudeste,Minas Gerais,1154,39
2020-04-19,Sudeste,Rio de Janeiro,4765,402
2020-04-19,Sudeste,São Paulo,14267,1015
2020-04-19,Sul,Paraná,987,48
2020-04-19,Sul,Rio Grande do Sul,854,24
2020-04-19,Sul,Santa Catarina,975,32
2020-04-20,Centro-Oeste,Distrito Federal,872,24
2020-04-20,Centro-Oeste,Goiás,403,19
2020-04-20,Centro-Oeste,Mato Grosso,181,6
2020-04-20,Centro-Oeste,Mato Grosso do Sul,171,5
2020-04-20,Nordeste,Alagoas,171,18
2020-04-20,Nordeste,Bahia,1341,46
2020-04-20,Nordeste,Ceará,3482,198
2020-04-20,Nordeste,Maranhão,1320,54
2020-04-20,Nordeste,Paraíba,245,32
2020-04-20,Nordeste,Pernambuco,2690,234
2020-04-20,Nordeste,Piauí,158,12
2020-04-20,Nordeste,Rio Grande do Norte,595,27
2020-04-20,Nordeste,Sergipe,86,5
2020-04-20,Norte,Acre,176,8
2020-04-20,Norte,Amapá,433,13
2020-04-20,Norte,Amazonas,2160,185
2020-04-20,Norte,Pará,902,35
2020-04-20,Norte,Rondônia,160,4
2020-04-20,Norte,Roraima,244,3
2020-04-20,Norte,Tocantins,34,1
2020-04-20,Sudeste,Espírito Santo,1168,33
2020-04-20,Sudeste,Minas Gerais,1189,41
2020-04-20,Sudeste,Rio de Janeiro,4899,422
2020-04-20,Sudeste,São Paulo,14580,1037
2020-04-20,Sul,Paraná,1007,51
2020-04-20,Sul,Rio Grande do Sul,889,27
2020-04-20,Sul,Santa Catarina,1025,35
2020-04-21,Centro-Oeste,Distrito Federal,881,24
2020-04-21,Centro-Oeste,Goiás,421,19
2020-04-21,Centro-Oeste,Mato Grosso,181,6
2020-04-21,Centro-Oeste,Mato Grosso do Sul,173,6
2020-04-21,Nordeste,Alagoas,210,19
2020-04-21,Nordeste,Bahia,1489,47
2020-04-21,Nordeste,Ceará,3716,215
2020-04-21,Nordeste,Maranhão,1396,60
2020-04-21,Nordeste,Paraíba,263,33
2020-04-21,Nordeste,Pernambuco,2908,260
2020-04-21,Nordeste,Piauí,186,14
2020-04-21,Nordeste,Rio Grande do Norte,608,28
2020-04-21,Nordeste,Sergipe,92,5
2020-04-21,Norte,Acre,195,8
2020-04-21,Norte,Amapá,457,13
2020-04-21,Norte,Amazonas,2270,193
2020-04-21,Norte,Pará,1026,38
2020-04-21,Norte,Rondônia,199,4
2020-04-21,Norte,Roraima,247,3
2020-04-21,Norte,Tocantins,37,1
2020-04-21,Sudeste,Espírito Santo,1212,34
2020-04-21,Sudeste,Minas Gerais,1230,44
2020-04-21,Sudeste,Rio de Janeiro,5306,461
2020-04-21,Sudeste,São Paulo,15385,1093
2020-04-21,Sul,Paraná,1024,51
2020-04-21,Sul,Rio Grande do Sul,904,27
2020-04-21,Sul,Santa Catarina,1063,35
2020-04-22,Centro-Oeste,Distrito Federal,946,25
2020-04-22,Centro-Oeste,Goiás,438,21
2020-04-22,Centro-Oeste,Mato Grosso,183,6
2020-04-22,Centro-Oeste,Mato Grosso do Sul,175,6
2020-04-22,Nordeste,Alagoas,243,20
2020-04-22,Nordeste,Bahia,1644,50
2020-04-22,Nordeste,Ceará,3910,233
2020-04-22,Nordeste,Maranhão,1604,66
2020-04-22,Nordeste,Paraíba,301,39
2020-04-22,Nordeste,Pernambuco,3298,282
2020-04-22,Nordeste,Piauí,206,15
2020-04-22,Nordeste,Rio Grande do Norte,646,29
2020-04-22,Nordeste,Sergipe,117,7
2020-04-22,Norte,Acre,214,8
2020-04-22,Norte,Amapá,479,14
2020-04-22,Norte,Amazonas,2479,207
2020-04-22,Norte,Pará,1195,43
2020-04-22,Norte,Rondônia,223,5
2020-04-22,Norte,Roraima,280,3
2020-04-22,Norte,Tocantins,37,1
2020-04-22,Sudeste,Espírito Santo,1313,34
2020-04-22,Sudeste,Minas Gerais,1283,47
2020-04-22,Sudeste,Rio de Janeiro,5552,490
2020-04-22,Sudeste,São Paulo,15914,1134
2020-04-22,Sul,Paraná,1063,57
2020-04-22,Sul,Rio Grande do Sul,923,27
2020-04-22,Sul,Santa Catarina,1091,37
2020-04-23,Centro-Oeste,Distrito Federal,963,25
2020-04-23,Centro-Oeste,Goiás,453,23
2020-04-23,Centro-Oeste,Mato Grosso,221,7
2020-04-23,Centro-Oeste,Mato Grosso do Sul,186,7
2020-04-23,Nordeste,Alagoas,324,22
2020-04-23,Nordeste,Bahia,1789,59
2020-04-23,Nordeste,Ceará,4598,266
2020-04-23,Nordeste,Maranhão,1757,76
2020-04-23,Nordeste,Paraíba,345,40
2020-04-23,Nordeste,Pernambuco,3519,312
2020-04-23,Nordeste,Piauí,217,15
2020-04-23,Nordeste,Rio Grande do Norte,708,34
2020-04-23,Nordeste,Sergipe,124,8
2020-04-23,Norte,Acre,227,10
2020-04-23,Norte,Amapá,548,16
2020-04-23,Norte,Amazonas,2888,234
2020-04-23,Norte,Pará,1267,53
2020-04-23,Norte,Rondônia,250,5
2020-04-23,Norte,Roraima,297,3
2020-04-23,Norte,Tocantins,37,2
2020-04-23,Sudeste,Espírito Santo,1363,42
2020-04-23,Sudeste,Minas Gerais,1308,51
2020-04-23,Sudeste,Rio de Janeiro,6172,530
2020-04-23,Sudeste,São Paulo,16740,1345
2020-04-23,Sul,Paraná,1082,60
2020-04-23,Sul,Rio Grande do Sul,994,29
2020-04-23,Sul,Santa Catarina,1115,39
2020-04-24,Centro-Oeste,Distrito Federal,989,26
2020-04-24,Centro-Oeste,Goiás,486,24
2020-04-24,Centro-Oeste,Mato Grosso,240,8
2020-04-24,Centro-Oeste,Mato Grosso do Sul,213,7
2020-04-24,Nordeste,Alagoas,413,27
2020-04-24,Nordeste,Bahia,1962,64
2020-04-24,Nordeste,Ceará,4800,284
2020-04-24,Nordeste,Maranhão,1951,88
2020-04-24,Nordeste,Paraíba,386,44
2020-04-24,Nordeste,Pernambuco,3999,352
2020-04-24,Nordeste,Piauí,256,16
2020-04-24,Nordeste,Rio Grande do Norte,754,38
2020-04-24,Nordeste,Sergipe,144,8
2020-04-24,Norte,Acre,234,11
2020-04-24,Norte,Amapá,633,18
2020-04-24,Norte,Amazonas,3194,255
2020-04-24,Norte,Pará,1446,75
2020-04-24,Norte,Rondônia,290,5
2020-04-24,Norte,Roraima,304,3
2020-04-24,Norte,Tocantins,43,2
2020-04-24,Sudeste,Espírito Santo,1381,42
2020-04-24,Sudeste,Minas Gerais,1419,54
2020-04-24,Sudeste,Rio de Janeiro,6282,570
2020-04-24,Sudeste,São Paulo,17826,1512
2020-04-24,Sul,Paraná,1119,64
2020-04-24,Sul,Rio Grande do Sul,1061,31
2020-04-24,Sul,Santa Catarina,1170,42
2020-04-25,Centro-Oeste,Distrito Federal,1013,26
2020-04-25,Centro-Oeste,Goiás,506,25
2020-04-25,Centro-Oeste,Mato Grosso,247,9
2020-04-25,Centro-Oeste,Mato Grosso do Sul,217,7
2020-04-25,Nordeste,Alagoas,501,29
2020-04-25,Nordeste,Bahia,2081,70
2020-04-25,Nordeste,Ceará,5421,310
2020-04-25,Nordeste,Maranhão,2105,100
2020-04-25,Nordeste,Paraíba,447,46
2020-04-25,Nordeste,Pernambuco,4507,381
2020-04-25,Nordeste,Piauí,297,17
2020-04-25,Nordeste,Rio Grande do Norte,781,40
2020-04-25,Nordeste,Sergipe,153,9
2020-04-25,Norte,Acre,258,11
2020-04-25,Norte,Amapá,685,19
2020-04-25,Norte,Amazonas,3635,287
2020-04-25,Norte,Pará,1579,86
2020-04-25,Norte,Rondônia,328,7
2020-04-25,Norte,Roraima,345,3
2020-04-25,Norte,Tocantins,50,2
2020-04-25,Sudeste,Espírito Santo,1595,47
2020-04-25,Sudeste,Minas Gerais,1481,58
2020-04-25,Sudeste,Rio de Janeiro,6828,615
2020-04-25,Sudeste,São Paulo,20004,1667
2020-04-25,Sul,Paraná,1140,69
2020-04-25,Sul,Rio Grande do Sul,1096,34
2020-04-25,Sul,Santa Catarina,1209,42
2020-04-26,Centro-Oeste,Distrito Federal,1066,27
2020-04-26,Centro-Oeste,Goiás,573,25
2020-04-26,Centro-Oeste,Mato Grosso,250,9
2020-04-26,Centro-Oeste,Mato Grosso do Sul,234,7
2020-04-26,Nordeste,Alagoas,554,32
2020-04-26,Nordeste,Bahia,2209,73
2020-04-26,Nordeste,Ceará,5833,327
2020-04-26,Nordeste,Maranhão,2223,112
2020-04-26,Nordeste,Paraíba,499,49
2020-04-26,Nordeste,Pernambuco,4898,415
2020-04-26,Nordeste,Piauí,331,18
2020-04-26,Nordeste,Rio Grande do Norte,825,44
2020-04-26,Nordeste,Sergipe,159,9
2020-04-26,Norte,Acre,279,11
2020-04-26,Norte,Amapá,798,21
2020-04-26,Norte,Amazonas,3833,304
2020-04-26,Norte,Pará,1867,100
2020-04-26,Norte,Rondônia,364,10
2020-04-26,Norte,Roraima,401,4
2020-04-26,Norte,Tocantins,58,2
2020-04-26,Sudeste,Espírito Santo,1703,51
2020-04-26,Sudeste,Minas Gerais,1548,61
2020-04-26,Sudeste,Rio de Janeiro,7111,645
2020-04-26,Sudeste,São Paulo,20715,1700
2020-04-26,Sul,Paraná,1156,72
2020-04-26,Sul,Rio Grande do Sul,1166,35
2020-04-26,Sul,Santa Catarina,1235,42
2020-04-27,Centro-Oeste,Distrito Federal,1146,27
2020-04-27,Centro-Oeste,Goiás,616,26
2020-04-27,Centro-Oeste,Mato Grosso,257,10
2020-04-27,Centro-Oeste,Mato Grosso do Sul,238,9
2020-04-27,Nordeste,Alagoas,643,34
2020-04-27,Nordeste,Bahia,2354,76
2020-04-27,Nordeste,Ceará,6726,390
2020-04-27,Nordeste,Maranhão,2410,125
2020-04-27,Nordeste,Paraíba,543,50
2020-04-27,Nordeste,Pernambuco,5358,450
2020-04-27,Nordeste,Piauí,364,20
2020-04-27,Nordeste,Rio Grande do Norte,832,45
2020-04-27,Nordeste,Sergipe,197,10
2020-04-27,Norte,Acre,279,14
2020-04-27,Norte,Amapá,842,26
2020-04-27,Norte,Amazonas,3928,320
2020-04-27,Norte,Pará,2128,114
2020-04-27,Norte,Rondônia,393,10
2020-04-27,Norte,Roraima,407,4
2020-04-27,Norte,Tocantins,67,2
2020-04-27,Sudeste,Espírito Santo,1796,57
2020-04-27,Sudeste,Minas Gerais,1586,62
2020-04-27,Sudeste,Rio de Janeiro,7944,677
2020-04-27,Sudeste,São Paulo,21696,1825
2020-04-27,Sul,Paraná,1186,75
2020-04-27,Sul,Rio Grande do Sul,1228,42
2020-04-27,Sul,Santa Catarina,1337,43
2020-04-28,Centro-Oeste,Distrito Federal,1213,28
2020-04-28,Centro-Oeste,Goiás,661,27
2020-04-28,Centro-Oeste,Mato Grosso,261,11
2020-04-28,Centro-Oeste,Mato Grosso do Sul,240,9
2020-04-28,Nordeste,Alagoas,777,36
2020-04-28,Nordeste,Bahia,2540,86
2020-04-28,Nordeste,Ceará,6918,403
2020-04-28,Nordeste,Maranhão,2528,145
2020-04-28,Nordeste,Paraíba,633,53
2020-04-28,Nordeste,Pernambuco,5724,508
2020-04-28,Nordeste,Piauí,408,21
2020-04-28,Nordeste,Rio Grande do Norte,857,48
2020-04-28,Nordeste,Sergipe,280,11
2020-04-28,Norte,Acre,311,16
2020-04-28,Norte,Amapá,918,28
2020-04-28,Norte,Amazonas,4337,351
2020-04-28,Norte,Pará,2262,129
2020-04-28,Norte,Rondônia,413,11
2020-04-28,Norte,Roraima,425,6
2020-04-28,Norte,Tocantins,79,2
2020-04-28,Sudeste,Espírito Santo,1874,64
2020-04-28,Sudeste,Minas Gerais,1649,71
2020-04-28,Sudeste,Rio de Janeiro,8504,738
2020-04-28,Sudeste,São Paulo,24041,2049
2020-04-28,Sul,Paraná,1271,77
2020-04-28,Sul,Rio Grande do Sul,1286,45
2020-04-28,Sul,Santa Catarina,1476,44
2020-04-29,Centro-Oeste,Distrito Federal,1275,28
2020-04-29,Centro-Oeste,Goiás,705,27
2020-04-29,Centro-Oeste,Mato Grosso,292,11
2020-04-29,Centro-Oeste,Mato Grosso do Sul,249,9
2020-04-29,Nordeste,Alagoas,957,41
2020-04-29,Nordeste,Bahia,2646,96
2020-04-29,Nordeste,Ceará,7267,441
2020-04-29,Nordeste,Maranhão,2804,166
2020-04-29,Nordeste,Paraíba,699,58
2020-04-29,Nordeste,Pernambuco,6194,538
2020-04-29,Nordeste,Piauí,454,24
2020-04-29,Nordeste,Rio Grande do Norte,1086,53
2020-04-29,Nordeste,Sergipe,337,12
2020-04-29,Norte,Acre,354,17
2020-04-29,Norte,Amapá,1016,31
2020-04-29,Norte,Amazonas,4801,380
2020-04-29,Norte,Pará,2422,137
2020-04-29,Norte,Rondônia,433,15
2020-04-29,Norte,Roraima,452,6
2020-04-29,Norte,Tocantins,116,3
2020-04-29,Sudeste,Espírito Santo,2107,76
2020-04-29,Sudeste,Minas Gerais,1758,80
2020-04-29,Sudeste,Rio de Janeiro,8869,794
2020-04-29,Sudeste,São Paulo,26158,2247
2020-04-29,Sul,Paraná,1348,82
2020-04-29,Sul,Rio Grande do Sul,1368,50
2020-04-29,Sul,Santa Catarina,1995,44
2020-04-30,Centro-Oeste,Distrito Federal,1356,30
2020-04-30,Centro-Oeste,Goiás,781,29
2020-04-30,Centro-Oeste,Mato Grosso,297,11
2020-04-30,Centro-Oeste,Mato Grosso do Sul,255,9
2020-04-30,Nordeste,Alagoas,1044,47
2020-04-30,Nordeste,Bahia,2851,104
2020-04-30,Nordeste,Ceará,7606,482
2020-04-30,Nordeste,Maranhão,3190,184
2020-04-30,Nordeste,Paraíba,814,62
2020-04-30,Nordeste,Pernambuco,6876,565
2020-04-30,Nordeste,Piauí,513,24
2020-04-30,Nordeste,Rio Grande do Norte,1177,56
2020-04-30,Nordeste,Sergipe,447,12
2020-04-30,Norte,Acre,404,19
2020-04-30,Norte,Amapá,1080,34
2020-04-30,Norte,Amazonas,5254,425
2020-04-30,Norte,Pará,2876,208
2020-04-30,Norte,Rondônia,502,16
2020-04-30,Norte,Roraima,519,7
2020-04-30,Norte,Tocantins,137,3
2020-04-30,Sudeste,Espírito Santo,2465,83
2020-04-30,Sudeste,Minas Gerais,1827,82
2020-04-30,Sudeste,Rio de Janeiro,9453,854
2020-04-30,Sudeste,São Paulo,28698,2375
2020-04-30,Sul,Paraná,1407,83
2020-04-30,Sul,Rio Grande do Sul,1466,51
2020-04-30,Sul,Santa Catarina,2085,46
2020-05-01,Centro-Oeste,Distrito Federal,1466,30
2020-05-01,Centro-Oeste,Goiás,808,29
2020-05-01,Centro-Oeste,Mato Grosso,320,11
2020-05-01,Centro-Oeste,Mato Grosso do Sul,261,9
2020-05-01,Nordeste,Alagoas,1226,53
2020-05-01,Nordeste,Bahia,3085,117
2020-05-01,Nordeste,Ceará,7879,505
2020-05-01,Nordeste,Maranhão,3506,204
2020-05-01,Nordeste,Paraíba,926,67
2020-05-01,Nordeste,Pernambuco,7334,603
2020-05-01,Nordeste,Piauí,600,24
2020-05-01,Nordeste,Rio Grande do Norte,1297,56
2020-05-01,Nordeste,Sergipe,517,14
2020-05-01,Norte,Acre,486,19
2020-05-01,Norte,Amapá,1121,37
2020-05-01,Norte,Amazonas,5723,476
2020-05-01,Norte,Pará,3176,235
2020-05-01,Norte,Rondônia,585,18
2020-05-01,Norte,Roraima,602,8
2020-05-01,Norte,Tocantins,164,3
2020-05-01,Sudeste,Espírito Santo,2662,96
2020-05-01,Sudeste,Minas Gerais,1935,88
2020-05-01,Sudeste,Rio de Janeiro,10166,921
2020-05-01,Sudeste,São Paulo,30374,2511
2020-05-01,Sul,Paraná,1447,89
2020-05-01,Sul,Rio Grande do Sul,1529,58
2020-05-01,Sul,Santa Catarina,2104,48
2020-05-02,Centro-Oeste,Distrito Federal,1566,31
2020-05-02,Centro-Oeste,Goiás,825,30
2020-05-02,Centro-Oeste,Mato Grosso,331,12
2020-05-02,Centro-Oeste,Mato Grosso do Sul,266,9
2020-05-02,Nordeste,Alagoas,1372,58
2020-05-02,Nordeste,Bahia,3267,123
2020-05-02,Nordeste,Ceará,8231,614
2020-05-02,Nordeste,Maranhão,3805,224
2020-05-02,Nordeste,Paraíba,1034,74
2020-05-02,Nordeste,Pernambuco,8145,628
2020-05-02,Nordeste,Piauí,665,26
2020-05-02,Nordeste,Rio Grande do Norte,1366,59
2020-05-02,Nordeste,Sergipe,601,14
2020-05-02,Norte,Acre,553,21
2020-05-02,Norte,Amapá,1187,40
2020-05-02,Norte,Amazonas,6062,501
2020-05-02,Norte,Pará,3460,273
2020-05-02,Norte,Rondônia,653,23
2020-05-02,Norte,Roraima,668,9
2020-05-02,Norte,Tocantins,191,4
2020-05-02,Sudeste,Espírito Santo,2948,102
2020-05-02,Sudeste,Minas Gerais,2023,88
2020-05-02,Sudeste,Rio de Janeiro,10546,971
2020-05-02,Sudeste,São Paulo,31174,2586
2020-05-02,Sul,Paraná,1492,90
2020-05-02,Sul,Rio Grande do Sul,1619,62
2020-05-02,Sul,Santa Catarina,2346,52
2020-05-03,Centro-Oeste,Distrito Federal,1649,33
2020-05-03,Centro-Oeste,Goiás,850,30
2020-05-03,Centro-Oeste,Mato Grosso,337,12
2020-05-03,Centro-Oeste,Mato Grosso do Sul,272,10
2020-05-03,Nordeste,Alagoas,1441,64
2020-05-03,Nordeste,Bahia,3495,123
2020-05-03,Nordeste,Ceará,8370,663
2020-05-03,Nordeste,Maranhão,4040,237
2020-05-03,Nordeste,Paraíba,1169,76
2020-05-03,Nordeste,Pernambuco,8643,652
2020-05-03,Nordeste,Piauí,742,28
2020-05-03,Nordeste,Rio Grande do Norte,1392,61
2020-05-03,Nordeste,Sergipe,730,14
2020-05-03,Norte,Acre,657,24
2020-05-03,Norte,Amapá,1482,43
2020-05-03,Norte,Amazonas,6683,548
2020-05-03,Norte,Pará,3863,309
2020-05-03,Norte,Rondônia,705,24
2020-05-03,Norte,Roraima,740,11
2020-05-03,Norte,Tocantins,246,4
2020-05-03,Sudeste,Espírito Santo,3086,114
2020-05-03,Sudeste,Minas Gerais,2118,89
2020-05-03,Sudeste,Rio de Janeiro,11139,1019
2020-05-03,Sudeste,São Paulo,31772,2627
2020-05-03,Sul,Paraná,1514,93
2020-05-03,Sul,Rio Grande do Sul,1666,65
2020-05-03,Sul,Santa Catarina,2346,52
2020-05-04,Centro-Oeste,Distrito Federal,1768,33
2020-05-04,Centro-Oeste,Goiás,861,30
2020-05-04,Centro-Oeste,Mato Grosso,344,13
2020-05-04,Centro-Oeste,Mato Grosso do Sul,274,10
2020-05-04,Nordeste,Alagoas,1538,72
2020-05-04,Nordeste,Bahia,3734,141
2020-05-04,Nordeste,Ceará,11040,712
2020-05-04,Nordeste,Maranhão,4227,249
2020-05-04,Nordeste,Paraíba,1219,79
2020-05-04,Nordeste,Pernambuco,8863,691
2020-05-04,Nordeste,Piauí,784,28
2020-05-04,Nordeste,Rio Grande do Norte,1421,62
2020-05-04,Nordeste,Sergipe,772,17
2020-05-04,Norte,Acre,733,28
2020-05-04,Norte,Amapá,1733,49
2020-05-04,Norte,Amazonas,7242,584
2020-05-04,Norte,Pará,4125,330
2020-05-04,Norte,Rondônia,756,25
2020-05-04,Norte,Roraima,806,11
2020-05-04,Norte,Tocantins,267,6
2020-05-04,Sudeste,Espírito Santo,3226,122
2020-05-04,Sudeste,Minas Gerais,2347,90
2020-05-04,Sudeste,Rio de Janeiro,11721,1065
2020-05-04,Sudeste,São Paulo,32187,2654
2020-05-04,Sul,Paraná,1562,94
2020-05-04,Sul,Rio Grande do Sul,1711,74
2020-05-04,Sul,Santa Catarina,2519,52
2020-05-05,Centro-Oeste,Distrito Federal,1818,33
2020-05-05,Centro-Oeste,Goiás,922,38
2020-05-05,Centro-Oeste,Mato Grosso,365,13
2020-05-05,Centro-Oeste,Mato Grosso do Sul,283,10
2020-05-05,Nordeste,Alagoas,1606,80
2020-05-05,Nordeste,Bahia,4040,146
2020-05-05,Nordeste,Ceará,11470,795
2020-05-05,Nordeste,Maranhão,4530,271
2020-05-05,Nordeste,Paraíba,1361,85
2020-05-05,Nordeste,Pernambuco,9325,749
2020-05-05,Nordeste,Piauí,875,29
2020-05-05,Nordeste,Rio Grande do Norte,1536,68
2020-05-05,Nordeste,Sergipe,898,21
2020-05-05,Norte,Acre,817,29
2020-05-05,Norte,Amapá,1931,55
2020-05-05,Norte,Amazonas,8109,649
2020-05-05,Norte,Pará,4472,369
2020-05-05,Norte,Rondônia,861,29
2020-05-05,Norte,Roraima,869,11
2020-05-05,Norte,Tocantins,303,7
2020-05-05,Sudeste,Espírito Santo,3402,133
2020-05-05,Sudeste,Minas Gerais,2452,94
2020-05-05,Sudeste,Rio de Janeiro,12391,1123
2020-05-05,Sudeste,São Paulo,34053,2851
2020-05-05,Sul,Paraná,1588,99
2020-05-05,Sul,Rio Grande do Sul,1815,79
2020-05-05,Sul,Santa Catarina,2623,55
2020-05-06,Centro-Oeste,Distrito Federal,1906,34
2020-05-06,Centro-Oeste,Goiás,1024,44
2020-05-06,Centro-Oeste,Mato Grosso,379,13
2020-05-06,Centro-Oeste,Mato Grosso do Sul,288,10
2020-05-06,Nordeste,Alagoas,1703,89
2020-05-06,Nordeste,Bahia,4301,160
2020-05-06,Nordeste,Ceará,12304,848
2020-05-06,Nordeste,Maranhão,5028,291
2020-05-06,Nordeste,Paraíba,1493,92
2020-05-06,Nordeste,Pernambuco,9881,803
2020-05-06,Nordeste,Piauí,949,30
2020-05-06,Nordeste,Rio Grande do Norte,1574,72
2020-05-06,Nordeste,Sergipe,998,23
2020-05-06,Norte,Acre,943,33
2020-05-06,Norte,Amapá,2046,56
2020-05-06,Norte,Amazonas,9243,751
2020-05-06,Norte,Pará,5017,392
2020-05-06,Norte,Rondônia,943,33
2020-05-06,Norte,Roraima,932,13
2020-05-06,Norte,Tocantins,351,9
2020-05-06,Sudeste,Espírito Santo,3568,145
2020-05-06,Sudeste,Minas Gerais,2605,97
2020-05-06,Sudeste,Rio de Janeiro,13295,1205
2020-05-06,Sudeste,São Paulo,37853,3045
2020-05-06,Sul,Paraná,1627,101
2020-05-06,Sul,Rio Grande do Sul,2050,87
2020-05-06,Sul,Santa Catarina,2917,59
2020-05-07,Centro-Oeste,Distrito Federal,2258,35
2020-05-07,Centro-Oeste,Goiás,1027,44
2020-05-07,Centro-Oeste,Mato Grosso,417,13
2020-05-07,Centro-Oeste,Mato Grosso do Sul,311,10
2020-05-07,Nordeste,Alagoas,1867,98
2020-05-07,Nordeste,Bahia,4528,165
2020-05-07,Nordeste,Ceará,13888,903
2020-05-07,Nordeste,Maranhão,5389,305
2020-05-07,Nordeste,Paraíba,1657,101
2020-05-07,Nordeste,Pernambuco,10824,845
2020-05-07,Nordeste,Piauí,1051,35
2020-05-07,Nordeste,Rio Grande do Norte,1739,76
2020-05-07,Nordeste,Sergipe,1214,25
2020-05-07,Norte,Acre,1014,36
2020-05-07,Norte,Amapá,2199,61
2020-05-07,Norte,Amazonas,10099,806
2020-05-07,Norte,Pará,5524,410
2020-05-07,Norte,Rondônia,1098,37
2020-05-07,Norte,Roraima,1020,14
2020-05-07,Norte,Tocantins,423,9
2020-05-07,Sudeste,Espírito Santo,3838,155
2020-05-07,Sudeste,Minas Gerais,2770,106
2020-05-07,Sudeste,Rio de Janeiro,14156,1394
2020-05-07,Sudeste,São Paulo,39928,3206
2020-05-07,Sul,Paraná,1656,104
2020-05-07,Sul,Rio Grande do Sul,2129,90
2020-05-07,Sul,Santa Catarina,3082,63
2020-05-08,Centro-Oeste,Distrito Federal,2442,37
2020-05-08,Centro-Oeste,Goiás,1053,47
2020-05-08,Centro-Oeste,Mato Grosso,457,14
2020-05-08,Centro-Oeste,Mato Grosso do Sul,326,11
2020-05-08,Nordeste,Alagoas,2033,108
2020-05-08,Nordeste,Bahia,4818,183
2020-05-08,Nordeste,Ceará,14956,966
2020-05-08,Nordeste,Maranhão,5909,330
2020-05-08,Nordeste,Paraíba,2031,114
2020-05-08,Nordeste,Pernambuco,11587,927
2020-05-08,Nordeste,Piauí,1131,37
2020-05-08,Nordeste,Rio Grande do Norte,1821,81
2020-05-08,Nordeste,Sergipe,1438,28
2020-05-08,Norte,Acre,1177,38
2020-05-08,Norte,Amapá,2322,66
2020-05-08,Norte,Amazonas,10727,874
2020-05-08,Norte,Pará,6141,515
2020-05-08,Norte,Rondônia,1222,39
2020-05-08,Norte,Roraima,1124,16
2020-05-08,Norte,Tocantins,494,9
2020-05-08,Sudeste,Espírito Santo,4242,165
2020-05-08,Sudeste,Minas Gerais,2943,111
2020-05-08,Sudeste,Rio de Janeiro,15741,1503
2020-05-08,Sudeste,São Paulo,41830,3416
2020-05-08,Sul,Paraná,1711,106
2020-05-08,Sul,Rio Grande do Sul,2447,91
2020-05-08,Sul,Santa Catarina,3205,63
2020-05-09,Centro-Oeste,Distrito Federal,2576,39
2020-05-09,Centro-Oeste,Goiás,1069,47
2020-05-09,Centro-Oeste,Mato Grosso,502,16
2020-05-09,Centro-Oeste,Mato Grosso do Sul,346,11
2020-05-09,Nordeste,Alagoas,2172,114
2020-05-09,Nordeste,Bahia,5174,196
2020-05-09,Nordeste,Ceará,15879,1062
2020-05-09,Nordeste,Maranhão,6765,355
2020-05-09,Nordeste,Paraíba,2156,124
2020-05-09,Nordeste,Pernambuco,12470,972
2020-05-09,Nordeste,Piauí,1233,38
2020-05-09,Nordeste,Rio Grande do Norte,1919,87
2020-05-09,Nordeste,Sergipe,1588,33
2020-05-09,Norte,Acre,1335,39
2020-05-09,Norte,Amapá,2493,69
2020-05-09,Norte,Amazonas,11925,962
2020-05-09,Norte,Pará,6775,578
2020-05-09,Norte,Rondônia,1263,41
2020-05-09,Norte,Roraima,1202,18
2020-05-09,Norte,Tocantins,572,9
2020-05-09,Sudeste,Espírito Santo,4412,172
2020-05-09,Sudeste,Minas Gerais,3123,118
2020-05-09,Sudeste,Rio de Janeiro,16929,1653
2020-05-09,Sudeste,São Paulo,44411,3608
2020-05-09,Sul,Paraná,1785,107
2020-05-09,Sul,Rio Grande do Sul,2493,95
2020-05-09,Sul,Santa Catarina,3372,64
2020-05-10,Centro-Oeste,Distrito Federal,2682,42
2020-05-10,Centro-Oeste,Goiás,1093,47
2020-05-10,Centro-Oeste,Mato Grosso,519,18
2020-05-10,Centro-Oeste,Mato Grosso do Sul,362,11
2020-05-10,Nordeste,Alagoas,2258,126
2020-05-10,Nordeste,Bahia,5558,202
2020-05-10,Nordeste,Ceará,16692,1114
2020-05-10,Nordeste,Maranhão,7599,379
2020-05-10,Nordeste,Paraíba,2341,135
2020-05-10,Nordeste,Pernambuco,13275,1047
2020-05-10,Nordeste,Piauí,1278,42
2020-05-10,Nordeste,Rio Grande do Norte,1928,88
2020-05-10,Nordeste,Sergipe,1771,34
2020-05-10,Norte,Acre,1447,41
2020-05-10,Norte,Amapá,2613,72
2020-05-10,Norte,Amazonas,12599,1004
2020-05-10,Norte,Pará,7256,652
2020-05-10,Norte,Rondônia,1302,43
2020-05-10,Norte,Roraima,1290,21
2020-05-10,Norte,Tocantins,688,11
2020-05-10,Sudeste,Espírito Santo,4599,181
2020-05-10,Sudeste,Minas Gerais,3237,119
2020-05-10,Sudeste,Rio de Janeiro,17062,1714
2020-05-10,Sudeste,São Paulo,45444,3709
2020-05-10,Sul,Paraná,1835,109
2020-05-10,Sul,Rio Grande do Sul,2542,97
2020-05-10,Sul,Santa Catarina,3429,65
2020-05-11,Centro-Oeste,Distrito Federal,2783,44
2020-05-11,Centro-Oeste,Goiás,1100,49
2020-05-11,Centro-Oeste,Mato Grosso,541,19
2020-05-11,Centro-Oeste,Mato Grosso do Sul,385,11
2020-05-11,Nordeste,Alagoas,2343,138
2020-05-11,Nordeste,Bahia,5808,211
2020-05-11,Nordeste,Ceará,17599,1189
2020-05-11,Nordeste,Maranhão,8144,399
2020-05-11,Nordeste,Paraíba,2525,139
2020-05-11,Nordeste,Pernambuco,13768,1087
2020-05-11,Nordeste,Piauí,1332,45
2020-05-11,Nordeste,Rio Grande do Norte,1989,92
2020-05-11,Nordeste,Sergipe,1800,37
2020-05-11,Norte,Acre,1460,45
2020-05-11,Norte,Amapá,2671,73
2020-05-11,Norte,Amazonas,12919,1035
2020-05-11,Norte,Pará,7563,708
2020-05-11,Norte,Rondônia,1396,47
2020-05-11,Norte,Roraima,1295,24
2020-05-11,Norte,Tocantins,747,12
2020-05-11,Sudeste,Espírito Santo,4819,196
2020-05-11,Sudeste,Minas Gerais,3320,121
2020-05-11,Sudeste,Rio de Janeiro,17939,1770
2020-05-11,Sudeste,São Paulo,46131,3743
2020-05-11,Sul,Paraná,1849,111
2020-05-11,Sul,Rio Grande do Sul,2576,105
2020-05-11,Sul,Santa Catarina,3529,69
2020-05-12,Centro-Oeste,Distrito Federal,2979,46
2020-05-12,Centro-Oeste,Goiás,1115,52
2020-05-12,Centro-Oeste,Mato Grosso,591,19
2020-05-12,Centro-Oeste,Mato Grosso do Sul,405,12
2020-05-12,Nordeste,Alagoas,2580,150
2020-05-12,Nordeste,Bahia,6204,225
2020-05-12,Nordeste,Ceará,18412,1280
2020-05-12,Nordeste,Maranhão,8526,423
2020-05-12,Nordeste,Paraíba,2777,154
2020-05-12,Nordeste,Pernambuco,14309,1157
2020-05-12,Nordeste,Piauí,1443,49
2020-05-12,Nordeste,Rio Grande do Norte,2033,93
2020-05-12,Nordeste,Sergipe,2032,37
2020-05-12,Norte,Acre,1590,51
2020-05-12,Norte,Amapá,2910,86
2020-05-12,Norte,Amazonas,14168,1098
2020-05-12,Norte,Pará,8616,864
2020-05-12,Norte,Rondônia,1460,50
2020-05-12,Norte,Roraima,1328,27
2020-05-12,Norte,Tocantins,828,14
2020-05-12,Sudeste,Espírito Santo,5087,212
2020-05-12,Sudeste,Minas Gerais,3435,127
2020-05-12,Sudeste,Rio de Janeiro,18486,1928
2020-05-12,Sudeste,São Paulo,47719,3949
2020-05-12,Sul,Paraná,1906,113
2020-05-12,Sul,Rio Grande do Sul,2917,111
2020-05-12,Sul,Santa Catarina,3733,73
2020-05-13,Centro-Oeste,Distrito Federal,3192,48
2020-05-13,Centro-Oeste,Goiás,1134,61
2020-05-13,Centro-Oeste,Mato Grosso,661,20
2020-05-13,Centro-Oeste,Mato Grosso do Sul,430,13
2020-05-13,Nordeste,Alagoas,2761,164
2020-05-13,Nordeste,Bahia,6547,236
2020-05-13,Nordeste,Ceará,19156,1389
2020-05-13,Nordeste,Maranhão,9112,444
2020-05-13,Nordeste,Paraíba,3045,157
2020-05-13,Nordeste,Pernambuco,14901,1224
2020-05-13,Nordeste,Piauí,1612,57
2020-05-13,Nordeste,Rio Grande do Norte,2367,105
2020-05-13,Nordeste,Sergipe,2268,42
2020-05-13,Norte,Acre,1694,52
2020-05-13,Norte,Amapá,3005,94
2020-05-13,Norte,Amazonas,15816,1160
2020-05-13,Norte,Pará,9618,946
2020-05-13,Norte,Rondônia,1612,50
2020-05-13,Norte,Roraima,1411,29
2020-05-13,Norte,Tocantins,932,21
2020-05-13,Sudeste,Espírito Santo,5401,233
2020-05-13,Sudeste,Minas Gerais,3733,135
2020-05-13,Sudeste,Rio de Janeiro,18728,2050
2020-05-13,Sudeste,São Paulo,51097,4118
2020-05-13,Sul,Paraná,1996,117
2020-05-13,Sul,Rio Grande do Sul,2917,111
2020-05-13,Sul,Santa Catarina,3828,73
2020-05-14,Centro-Oeste,Distrito Federal,3416,51
2020-05-14,Centro-Oeste,Goiás,1423,64
2020-05-14,Centro-Oeste,Mato Grosso,719,23
2020-05-14,Centro-Oeste,Mato Grosso do Sul,452,14
2020-05-14,Nordeste,Alagoas,2972,177
2020-05-14,Nordeste,Bahia,6955,262
2020-05-14,Nordeste,Ceará,21077,1413
2020-05-14,Nordeste,Maranhão,9801,470
2020-05-14,Nordeste,Paraíba,3361,160
2020-05-14,Nordeste,Pernambuco,15588,1298
2020-05-14,Nordeste,Piauí,1784,60
2020-05-14,Nordeste,Rio Grande do Norte,2537,117
2020-05-14,Nordeste,Sergipe,2494,47
2020-05-14,Norte,Acre,1740,55
2020-05-14,Norte,Amapá,3428,101
2020-05-14,Norte,Amazonas,17181,1235
2020-05-14,Norte,Pará,10867,1063
2020-05-14,Norte,Rondônia,1686,56
2020-05-14,Norte,Roraima,1500,37
2020-05-14,Norte,Tocantins,1029,23
2020-05-14,Sudeste,Espírito Santo,5813,249
2020-05-14,Sudeste,Minas Gerais,3950,139
2020-05-14,Sudeste,Rio de Janeiro,19467,2247
2020-05-14,Sudeste,São Paulo,54286,4315
2020-05-14,Sul,Paraná,2063,119
2020-05-14,Sul,Rio Grande do Sul,2997,120
2020-05-14,Sul,Santa Catarina,4332,78
2020-05-15,Centro-Oeste,Distrito Federal,3787,55
2020-05-15,Centro-Oeste,Goiás,1572,67
2020-05-15,Centro-Oeste,Mato Grosso,779,26
2020-05-15,Centro-Oeste,Mato Grosso do Sul,479,14
2020-05-15,Nordeste,Alagoas,3212,187
2020-05-15,Nordeste,Bahia,8128,281
2020-05-15,Nordeste,Ceará,22490,1476
2020-05-15,Nordeste,Maranhão,10739,496
2020-05-15,Nordeste,Paraíba,3739,170
2020-05-15,Nordeste,Pernambuco,16209,1381
2020-05-15,Nordeste,Piauí,1905,60
2020-05-15,Nordeste,Rio Grande do Norte,2786,122
2020-05-15,Nordeste,Sergipe,2868,50
2020-05-15,Norte,Acre,1785,57
2020-05-15,Norte,Amapá,3630,103
2020-05-15,Norte,Amazonas,18392,1331
2020-05-15,Norte,Pará,12109,1145
2020-05-15,Norte,Rondônia,1789,62
2020-05-15,Norte,Roraima,1589,40
2020-05-15,Norte,Tocantins,1179,24
2020-05-15,Sudeste,Espírito Santo,6198,260
2020-05-15,Sudeste,Minas Gerais,4196,146
2020-05-15,Sudeste,Rio de Janeiro,19987,2438
2020-05-15,Sudeste,São Paulo,58378,4501
2020-05-15,Sul,Paraná,2139,120
2020-05-15,Sul,Rio Grande do Sul,3597,126
2020-05-15,Sul,Santa Catarina,4562,79
2020-05-16,Centro-Oeste,Distrito Federal,4140,56
2020-05-16,Centro-Oeste,Goiás,1640,69
2020-05-16,Centro-Oeste,Mato Grosso,851,27
2020-05-16,Centro-Oeste,Mato Grosso do Sul,508,15
2020-05-16,Nordeste,Alagoas,3593,199
2020-05-16,Nordeste,Bahia,8314,286
2020-05-16,Nordeste,Ceará,23795,1614
2020-05-16,Nordeste,Maranhão,11592,524
2020-05-16,Nordeste,Paraíba,4063,183
2020-05-16,Nordeste,Pernambuco,18488,1461
2020-05-16,Nordeste,Piauí,2085,65
2020-05-16,Nordeste,Rio Grande do Norte,3004,136
2020-05-16,Nordeste,Sergipe,3135,53
2020-05-16,Norte,Acre,1867,59
2020-05-16,Norte,Amapá,3834,108
2020-05-16,Norte,Amazonas,19677,1375
2020-05-16,Norte,Pará,13184,1199
2020-05-16,Norte,Rondônia,1919,69
2020-05-16,Norte,Roraima,1706,49
2020-05-16,Norte,Tocantins,1279,27
2020-05-16,Sudeste,Espírito Santo,6595,271
2020-05-16,Sudeste,Minas Gerais,4474,150
2020-05-16,Sudeste,Rio de Janeiro,21601,2614
2020-05-16,Sudeste,São Paulo,61183,4688
2020-05-16,Sul,Paraná,2242,123
2020-05-16,Sul,Rio Grande do Sul,3695,132
2020-05-16,Sul,Santa Catarina,4678,81
2020-05-17,Centro-Oeste,Distrito Federal,4368,59
2020-05-17,Centro-Oeste,Goiás,1692,70
2020-05-17,Centro-Oeste,Mato Grosso,901,27
2020-05-17,Centro-Oeste,Mato Grosso do Sul,570,15
2020-05-17,Nordeste,Alagoas,3816,210
2020-05-17,Nordeste,Bahia,8443,295
2020-05-17,Nordeste,Ceará,24255,1641
2020-05-17,Nordeste,Maranhão,12492,549
2020-05-17,Nordeste,Paraíba,4347,194
2020-05-17,Nordeste,Pernambuco,19452,1516
2020-05-17,Nordeste,Piauí,2252,72
2020-05-17,Nordeste,Rio Grande do Norte,3137,139
2020-05-17,Nordeste,Sergipe,3343,57
2020-05-17,Norte,Acre,1997,60
2020-05-17,Norte,Amapá,3952,119
2020-05-17,Norte,Amazonas,20328,1413
2020-05-17,Norte,Pará,13864,1239
2020-05-17,Norte,Rondônia,1963,74
2020-05-17,Norte,Roraima,1791,51
2020-05-17,Norte,Tocantins,1382,31
2020-05-17,Sudeste,Espírito Santo,6744,285
2020-05-17,Sudeste,Minas Gerais,4611,156
2020-05-17,Sudeste,Rio de Janeiro,22238,2715
2020-05-17,Sudeste,São Paulo,62345,4782
2020-05-17,Sul,Paraná,2286,124
2020-05-17,Sul,Rio Grande do Sul,3735,142
2020-05-17,Sul,Santa Catarina,4776,83
2020-05-18,Centro-Oeste,Distrito Federal,4619,66
2020-05-18,Centro-Oeste,Goiás,1749,73
2020-05-18,Centro-Oeste,Mato Grosso,937,29
2020-05-18,Centro-Oeste,Mato Grosso do Sul,613,16
2020-05-18,Nordeste,Alagoas,4031,221
2020-05-18,Nordeste,Bahia,8581,312
2020-05-18,Nordeste,Ceará,26363,1748
2020-05-18,Nordeste,Maranhão,13238,576
2020-05-18,Nordeste,Paraíba,4786,207
2020-05-18,Nordeste,Pernambuco,20094,1640
2020-05-18,Nordeste,Piauí,2287,80
2020-05-18,Nordeste,Rio Grande do Norte,3184,146
2020-05-18,Nordeste,Sergipe,3566,59
2020-05-18,Norte,Acre,2234,67
2020-05-18,Norte,Amapá,4023,127
2020-05-18,Norte,Amazonas,20913,1433
2020-05-18,Norte,Pará,14734,1329
2020-05-18,Norte,Rondônia,2043,77
2020-05-18,Norte,Roraima,1876,60
2020-05-18,Norte,Tocantins,1496,32
2020-05-18,Sudeste,Espírito Santo,7157,302
2020-05-18,Sudeste,Minas Gerais,4695,161
2020-05-18,Sudeste,Rio de Janeiro,26665,2852
2020-05-18,Sudeste,São Paulo,63066,4823
2020-05-18,Sul,Paraná,2360,127
2020-05-18,Sul,Rio Grande do Sul,3735,144
2020-05-18,Sul,Santa Catarina,5175,85
2020-05-19,Centro-Oeste,Distrito Federal,4853,72
2020-05-19,Centro-Oeste,Goiás,1846,73
2020-05-19,Centro-Oeste,Mato Grosso,995,32
2020-05-19,Centro-Oeste,Mato Grosso do Sul,642,16
2020-05-19,Nordeste,Alagoas,4316,231
2020-05-19,Nordeste,Bahia,11013,326
2020-05-19,Nordeste,Ceará,28112,1856
2020-05-19,Nordeste,Maranhão,14198,604
2020-05-19,Nordeste,Paraíba,5300,219
2020-05-19,Nordeste,Pernambuco,21242,1741
2020-05-19,Nordeste,Piauí,2440,85
2020-05-19,Nordeste,Rio Grande do Norte,3483,160
2020-05-19,Nordeste,Sergipe,3967,63
2020-05-19,Norte,Acre,2482,72
2020-05-19,Norte,Amapá,4310,136
2020-05-19,Norte,Amazonas,22132,1491
2020-05-19,Norte,Pará,16295,1519
2020-05-19,Norte,Rondônia,2257,87
2020-05-19,Norte,Roraima,1985,61
2020-05-19,Norte,Tocantins,1646,38
2020-05-19,Sudeste,Espírito Santo,7693,325
2020-05-19,Sudeste,Minas Gerais,4977,167
2020-05-19,Sudeste,Rio de Janeiro,27805,3079
2020-05-19,Sudeste,São Paulo,65995,5147
2020-05-19,Sul,Paraná,2481,129
2020-05-19,Sul,Rio Grande do Sul,3750,151
2020-05-19,Sul,Santa Catarina,5413,91
2020-05-20,Centro-Oeste,Distrito Federal,5161,77
2020-05-20,Centro-Oeste,Goiás,1978,78
2020-05-20,Centro-Oeste,Mato Grosso,1054,32
2020-05-20,Centro-Oeste,Mato Grosso do Sul,693,17
2020-05-20,Nordeste,Alagoas,4437,251
2020-05-20,Nordeste,Bahia,11197,362
2020-05-20,Nordeste,Ceará,30560,1900
2020-05-20,Nordeste,Maranhão,15114,634
2020-05-20,Nordeste,Paraíba,5838,230
2020-05-20,Nordeste,Pernambuco,22560,1834
2020-05-20,Nordeste,Piauí,2637,87
2020-05-20,Nordeste,Rio Grande do Norte,3796,170
2020-05-20,Nordeste,Sergipe,4277,69
2020-05-20,Norte,Acre,2817,76
2020-05-20,Norte,Amapá,4549,142
2020-05-20,Norte,Amazonas,23704,1561
2020-05-20,Norte,Pará,18135,1633
2020-05-20,Norte,Rondônia,2499,90
2020-05-20,Norte,Roraima,2067,64
2020-05-20,Norte,Tocantins,1809,42
2020-05-20,Sudeste,Espírito Santo,8092,341
2020-05-20,Sudeste,Minas Gerais,5286,177
2020-05-20,Sudeste,Rio de Janeiro,30372,3237
2020-05-20,Sudeste,São Paulo,69859,5363
2020-05-20,Sul,Paraná,2616,137
2020-05-20,Sul,Rio Grande do Sul,4973,161
2020-05-20,Sul,Santa Catarina,5499,94
2020-05-21,Centro-Oeste,Distrito Federal,5542,84
2020-05-21,Centro-Oeste,Goiás,2114,85
2020-05-21,Centro-Oeste,Mato Grosso,1172,34
2020-05-21,Centro-Oeste,Mato Grosso do Sul,746,17
2020-05-21,Nordeste,Alagoas,4916,262
2020-05-21,Nordeste,Bahia,11941,376
2020-05-21,Nordeste,Ceará,31413,2161
2020-05-21,Nordeste,Maranhão,16058,663
2020-05-21,Nordeste,Paraíba,6238,245
2020-05-21,Nordeste,Pernambuco,23911,1925
2020-05-21,Nordeste,Piauí,2852,91
2020-05-21,Nordeste,Rio Grande do Norte,4060,178
2020-05-21,Nordeste,Sergipe,4734,76
2020-05-21,Norte,Acre,3103,78
2020-05-21,Norte,Amapá,5188,151
2020-05-21,Norte,Amazonas,25367,1620
2020-05-21,Norte,Pará,19756,1852
2020-05-21,Norte,Rondônia,2659,101
2020-05-21,Norte,Roraima,2146,72
2020-05-21,Norte,Tocantins,1976,47
2020-05-21,Sudeste,Espírito Santo,8878,363
2020-05-21,Sudeste,Minas Gerais,5596,191
2020-05-21,Sudeste,Rio de Janeiro,32089,3412
2020-05-21,Sudeste,São Paulo,73739,5558
2020-05-21,Sul,Paraná,2810,141
2020-05-21,Sul,Rio Grande do Sul,5473,166
2020-05-21,Sul,Santa Catarina,5610,98
2020-05-22,Centro-Oeste,Distrito Federal,5948,90
2020-05-22,Centro-Oeste,Goiás,2304,93
2020-05-22,Centro-Oeste,Mato Grosso,1220,37
2020-05-22,Centro-Oeste,Mato Grosso do Sul,805,17
2020-05-22,Nordeste,Alagoas,5302,280
2020-05-22,Nordeste,Bahia,12557,399
2020-05-22,Nordeste,Ceará,34573,2251
2020-05-22,Nordeste,Maranhão,17212,693
2020-05-22,Nordeste,Paraíba,6882,248
2020-05-22,Nordeste,Pernambuco,25760,2057
2020-05-22,Nordeste,Piauí,3074,93
2020-05-22,Nordeste,Rio Grande do Norte,4251,181
2020-05-22,Nordeste,Sergipe,4922,82
2020-05-22,Norte,Acre,3343,80
2020-05-22,Norte,Amapá,5655,157
2020-05-22,Norte,Amazonas,27038,1669
2020-05-22,Norte,Pará,21469,1937
2020-05-22,Norte,Rondônia,2774,106
2020-05-22,Norte,Roraima,2306,81
2020-05-22,Norte,Tocantins,2205,49
2020-05-22,Sudeste,Espírito Santo,9520,397
2020-05-22,Sudeste,Minas Gerais,5995,201
2020-05-22,Sudeste,Rio de Janeiro,33589,3657
2020-05-22,Sudeste,São Paulo,76871,5773
2020-05-22,Sul,Paraná,2939,146
2020-05-22,Sul,Rio Grande do Sul,5918,172
2020-05-22,Sul,Santa Catarina,6458,100
2020-05-23,Centro-Oeste,Distrito Federal,6251,95
2020-05-23,Centro-Oeste,Goiás,2377,95
2020-05-23,Centro-Oeste,Mato Grosso,1352,37
2020-05-23,Centro-Oeste,Mato Grosso do Sul,858,17
2020-05-23,Nordeste,Alagoas,5630,301
2020-05-23,Nordeste,Bahia,13000,413
2020-05-23,Nordeste,Ceará,35122,2308
2020-05-23,Nordeste,Maranhão,18767,722
2020-05-23,Nordeste,Paraíba,7508,258
2020-05-23,Nordeste,Pernambuco,26786,2144
2020-05-23,Nordeste,Piauí,3258,99
2020-05-23,Nordeste,Rio Grande do Norte,4599,184
2020-05-23,Nordeste,Sergipe,5131,86
2020-05-23,Norte,Acre,3867,87
2020-05-23,Norte,Amapá,6091,162
2020-05-23,Norte,Amazonas,28802,1744
2020-05-23,Norte,Pará,22697,2001
2020-05-23,Norte,Rondônia,3109,115
2020-05-23,Norte,Roraima,2374,81
2020-05-23,Norte,Tocantins,2430,51
2020-05-23,Sudeste,Espírito Santo,9918,417
2020-05-23,Sudeste,Minas Gerais,6338,217
2020-05-23,Sudeste,Rio de Janeiro,34533,3905
2020-05-23,Sudeste,São Paulo,80558,6045
2020-05-23,Sul,Paraná,3099,150
2020-05-23,Sul,Rio Grande do Sul,6336,176
2020-05-23,Sul,Santa Catarina,6607,103
2020-05-24,Centro-Oeste,Distrito Federal,6638,104
2020-05-24,Centro-Oeste,Goiás,2443,95
2020-05-24,Centro-Oeste,Mato Grosso,1462,40
2020-05-24,Centro-Oeste,Mato Grosso do Sul,924,17
2020-05-24,Nordeste,Alagoas,6214,316
2020-05-24,Nordeste,Bahia,13899,460
2020-05-24,Nordeste,Ceará,35595,2324
2020-05-24,Nordeste,Maranhão,21191,754
2020-05-24,Nordeste,Paraíba,7823,272
2020-05-24,Nordeste,Pernambuco,27759,2200
2020-05-24,Nordeste,Piauí,3390,107
2020-05-24,Nordeste,Rio Grande do Norte,4697,200
2020-05-24,Nordeste,Sergipe,5314,93
2020-05-24,Norte,Acre,4160,92
2020-05-24,Norte,Amapá,6353,163
2020-05-24,Norte,Amazonas,29867,1758
2020-05-24,Norte,Pará,24125,2148
2020-05-24,Norte,Rondônia,3201,121
2020-05-24,Norte,Roraima,2439,84
2020-05-24,Norte,Tocantins,2591,52
2020-05-24,Sudeste,Espírito Santo,10007,446
2020-05-24,Sudeste,Minas Gerais,6668,226
2020-05-24,Sudeste,Rio de Janeiro,37912,3993
2020-05-24,Sudeste,São Paulo,82161,6163
2020-05-24,Sul,Paraná,3212,153
2020-05-24,Sul,Rio Grande do Sul,6470,180
2020-05-24,Sul,Santa Catarina,6696,105
2020-05-25,Centro-Oeste,Distrito Federal,6930,114
2020-05-25,Centro-Oeste,Goiás,2512,96
2020-05-25,Centro-Oeste,Mato Grosso,1500,41
2020-05-25,Centro-Oeste,Mato Grosso do Sul,1023,17
2020-05-25,Nordeste,Alagoas,6682,337
2020-05-25,Nordeste,Bahia,14204,477
2020-05-25,Nordeste,Ceará,36185,2493
2020-05-25,Nordeste,Maranhão,22786,784
2020-05-25,Nordeste,Paraíba,8016,279
2020-05-25,Nordeste,Pernambuco,28366,2248
2020-05-25,Nordeste,Piauí,3550,110
2020-05-25,Nordeste,Rio Grande do Norte,4759,209
2020-05-25,Nordeste,Sergipe,5448,103
2020-05-25,Norte,Acre,4501,97
2020-05-25,Norte,Amapá,6584,168
2020-05-25,Norte,Amazonas,30282,1781
2020-05-25,Norte,Pará,26077,2372
2020-05-25,Norte,Rondônia,3268,121
2020-05-25,Norte,Roraima,2514,86
2020-05-25,Norte,Tocantins,2696,58
2020-05-25,Sudeste,Espírito Santo,10365,465
2020-05-25,Sudeste,Minas Gerais,6962,230
2020-05-25,Sudeste,Rio de Janeiro,39298,4105
2020-05-25,Sudeste,São Paulo,83625,6220
2020-05-25,Sul,Paraná,3331,156
2020-05-25,Sul,Rio Grande do Sul,6559,197
2020-05-25,Sul,Santa Catarina,6875,109
2020-05-26,Centro-Oeste,Distrito Federal,7210,124
2020-05-26,Centro-Oeste,Goiás,2671,104
2020-05-26,Centro-Oeste,Mato Grosso,1628,43
2020-05-26,Centro-Oeste,Mato Grosso do Sul,1100,17
2020-05-26,Nordeste,Alagoas,7058,354
2020-05-26,Nordeste,Bahia,14566,495
2020-05-26,Nordeste,Ceará,37021,2603
2020-05-26,Nordeste,Maranhão,24278,817
2020-05-26,Nordeste,Paraíba,8919,286
2020-05-26,Nordeste,Pernambuco,28854,2328
2020-05-26,Nordeste,Piauí,3720,119
2020-05-26,Nordeste,Rio Grande do Norte,5472,220
2020-05-26,Nordeste,Sergipe,5735,116
2020-05-26,Norte,Acre,4781,105
2020-05-26,Norte,Amapá,6967,173
2020-05-26,Norte,Amazonas,31949,1852
2020-05-26,Norte,Pará,28600,2469
2020-05-26,Norte,Rondônia,3493,133
2020-05-26,Norte,Roraima,2583,102
2020-05-26,Norte,Tocantins,2858,64
2020-05-26,Sudeste,Espírito Santo,10889,487
2020-05-26,Sudeste,Minas Gerais,7516,234
2020-05-26,Sudeste,Rio de Janeiro,40024,4361
2020-05-26,Sudeste,São Paulo,86017,6423
2020-05-26,Sul,Paraná,3512,159
2020-05-26,Sul,Rio Grande do Sul,6785,203
2020-05-26,Sul,Santa Catarina,7016,121
2020-05-27,Centro-Oeste,Distrito Federal,7761,133
2020-05-27,Centro-Oeste,Goiás,2843,108
2020-05-27,Centro-Oeste,Mato Grosso,1839,46
2020-05-27,Centro-Oeste,Mato Grosso do Sul,1186,18
2020-05-27,Nordeste,Alagoas,7580,368
2020-05-27,Nordeste,Bahia,15070,531
2020-05-27,Nordeste,Ceará,37275,2671
2020-05-27,Nordeste,Maranhão,26145,853
2020-05-27,Nordeste,Paraíba,10209,298
2020-05-27,Nordeste,Pernambuco,29919,2468
2020-05-27,Nordeste,Piauí,3966,134
2020-05-27,Nordeste,Rio Grande do Norte,5630,242
2020-05-27,Nordeste,Sergipe,5912,127
2020-05-27,Norte,Acre,5251,113
2020-05-27,Norte,Amapá,7619,183
2020-05-27,Norte,Amazonas,33508,1891
2020-05-27,Norte,Pará,31033,2545
2020-05-27,Norte,Rondônia,3862,137
2020-05-27,Norte,Roraima,2682,102
2020-05-27,Norte,Tocantins,3023,65
2020-05-27,Sudeste,Espírito Santo,11484,511
2020-05-27,Sudeste,Minas Gerais,8011,240
2020-05-27,Sudeste,Rio de Janeiro,42398,4605
2020-05-27,Sudeste,São Paulo,89483,6712
2020-05-27,Sul,Paraná,3712,162
2020-05-27,Sul,Rio Grande do Sul,7048,209
2020-05-27,Sul,Santa Catarina,7372,126
2020-05-28,Centro-Oeste,Distrito Federal,8300,142
2020-05-28,Centro-Oeste,Goiás,3090,115
2020-05-28,Centro-Oeste,Mato Grosso,1951,51
2020-05-28,Centro-Oeste,Mato Grosso do Sul,1262,18
2020-05-28,Nordeste,Alagoas,8055,385
2020-05-28,Nordeste,Bahia,15963,570
2020-05-28,Nordeste,Ceará,37821,2733
2020-05-28,Nordeste,Maranhão,27979,887
2020-05-28,Nordeste,Paraíba,11132,318
2020-05-28,Nordeste,Pernambuco,30713,2566
2020-05-28,Nordeste,Piauí,4243,138
2020-05-28,Nordeste,Rio Grande do Norte,5630,254
2020-05-28,Nordeste,Sergipe,6156,135
2020-05-28,Norte,Acre,5600,122
2020-05-28,Norte,Amapá,8152,198
2020-05-28,Norte,Amazonas,36146,1964
2020-05-28,Norte,Pará,33699,2704
2020-05-28,Norte,Rondônia,4252,142
2020-05-28,Norte,Roraima,2959,102
2020-05-28,Norte,Tocantins,3277,68
2020-05-28,Sudeste,Espírito Santo,12203,538
2020-05-28,Sudeste,Minas Gerais,8686,255
2020-05-28,Sudeste,Rio de Janeiro,44886,4856
2020-05-28,Sudeste,São Paulo,95865,6980
2020-05-28,Sul,Paraná,3984,169
2020-05-28,Sul,Rio Grande do Sul,8234,213
2020-05-28,Sul,Santa Catarina,8000,131
2020-05-29,Centro-Oeste,Distrito Federal,8722,154
2020-05-29,Centro-Oeste,Goiás,3319,119
2020-05-29,Centro-Oeste,Mato Grosso,2103,56
2020-05-29,Centro-Oeste,Mato Grosso do Sul,1356,18
2020-05-29,Nordeste,Alagoas,8618,406
2020-05-29,Nordeste,Bahia,16917,609
2020-05-29,Nordeste,Ceará,38395,2859
2020-05-29,Nordeste,Maranhão,30482,911
2020-05-29,Nordeste,Paraíba,12011,327
2020-05-29,Nordeste,Pernambuco,32255,2669
2020-05-29,Nordeste,Piauí,4503,146
2020-05-29,Nordeste,Rio Grande do Norte,6463,268
2020-05-29,Nordeste,Sergipe,6462,142
2020-05-29,Norte,Acre,5841,135
2020-05-29,Norte,Amapá,8469,207
2020-05-29,Norte,Amazonas,38909,2011
2020-05-29,Norte,Pará,36486,2827
2020-05-29,Norte,Rondônia,4502,145
2020-05-29,Norte,Roraima,3098,108
2020-05-29,Norte,Tocantins,3611,70
2020-05-29,Sudeste,Espírito Santo,12903,560
2020-05-29,Sudeste,Minas Gerais,9232,257
2020-05-29,Sudeste,Rio de Janeiro,47953,5079
2020-05-29,Sudeste,São Paulo,101556,7275
2020-05-29,Sul,Paraná,4236,173
2020-05-29,Sul,Rio Grande do Sul,8234,213
2020-05-29,Sul,Santa Catarina,8530,134
2020-05-30,Centro-Oeste,Distrito Federal,9474,162
2020-05-30,Centro-Oeste,Goiás,3585,122
2020-05-30,Centro-Oeste,Mato Grosso,2361,57
2020-05-30,Centro-Oeste,Mato Grosso do Sul,1418,19
2020-05-30,Nordeste,Alagoas,9223,424
2020-05-30,Nordeste,Bahia,17626,638
2020-05-30,Nordeste,Ceará,46506,2956
2020-05-30,Nordeste,Maranhão,32620,932
2020-05-30,Nordeste,Paraíba,12862,347
2020-05-30,Nordeste,Pernambuco,33427,2740
2020-05-30,Nordeste,Piauí,4745,157
2020-05-30,Nordeste,Rio Grande do Norte,7402,305
2020-05-30,Nordeste,Sergipe,6805,149
2020-05-30,Norte,Acre,6072,142
2020-05-30,Norte,Amapá,9313,215
2020-05-30,Norte,Amazonas,40560,2047
2020-05-30,Norte,Pará,37296,2900
2020-05-30,Norte,Rondônia,4743,151
2020-05-30,Norte,Roraima,3299,110
2020-05-30,Norte,Tocantins,3981,71
2020-05-30,Sudeste,Espírito Santo,13437,583
2020-05-30,Sudeste,Minas Gerais,9630,263
2020-05-30,Sudeste,Rio de Janeiro,52420,5277
2020-05-30,Sudeste,São Paulo,107142,7532
2020-05-30,Sul,Paraná,4473,181
2020-05-30,Sul,Rio Grande do Sul,9242,218
2020-05-30,Sul,Santa Catarina,8778,136
2020-05-31,Centro-Oeste,Distrito Federal,9780,170
2020-05-31,Centro-Oeste,Goiás,3702,124
2020-05-31,Centro-Oeste,Mato Grosso,2429,61
2020-05-31,Centro-Oeste,Mato Grosso do Sul,1489,20
2020-05-31,Nordeste,Alagoas,10288,443
2020-05-31,Nordeste,Bahia,18392,667
2020-05-31,Nordeste,Ceará,48489,3010
2020-05-31,Nordeste,Maranhão,34639,955
2020-05-31,Nordeste,Paraíba,13162,360
2020-05-31,Nordeste,Pernambuco,34450,2807
2020-05-31,Nordeste,Piauí,4931,161
2020-05-31,Nordeste,Rio Grande do Norte,7402,305
2020-05-31,Nordeste,Sergipe,6999,158
2020-05-31,Norte,Acre,6219,148
2020-05-31,Norte,Amapá,9602,222
2020-05-31,Norte,Amazonas,41378,2052
2020-05-31,Norte,Pará,37961,2923
2020-05-31,Norte,Rondônia,4942,156
2020-05-31,Norte,Roraima,3474,116
2020-05-31,Norte,Tocantins,4176,73
2020-05-31,Sudeste,Espírito Santo,13690,604
2020-05-31,Sudeste,Minas Gerais,10464,271
2020-05-31,Sudeste,Rio de Janeiro,53388,5344
2020-05-31,Sudeste,São Paulo,109698,7615
2020-05-31,Sul,Paraná,4687,182
2020-05-31,Sul,Rio Grande do Sul,9332,224
2020-05-31,Sul,Santa Catarina,9037,143
2020-06-01,Centro-Oeste,Distrito Federal,10510,171
2020-06-01,Centro-Oeste,Goiás,3906,127
2020-06-01,Centro-Oeste,Mato Grosso,2541,66
2020-06-01,Centro-Oeste,Mato Grosso do Sul,1568,20
2020-06-01,Nordeste,Alagoas,10837,461
2020-06-01,Nordeste,Bahia,18898,701
2020-06-01,Nordeste,Ceará,50504,3188
2020-06-01,Nordeste,Maranhão,35297,976
2020-06-01,Nordeste,Paraíba,13695,370
2020-06-01,Nordeste,Pernambuco,34900,2875
2020-06-01,Nordeste,Piauí,5119,168
2020-06-01,Nordeste,Rio Grande do Norte,7964,323
2020-06-01,Nordeste,Sergipe,7233,166
2020-06-01,Norte,Acre,6326,161
2020-06-01,Norte,Amapá,9890,228
2020-06-01,Norte,Amazonas,41774,2071
2020-06-01,Norte,Pará,38046,2925
2020-06-01,Norte,Rondônia,5172,159
2020-06-01,Norte,Roraima,3692,116
2020-06-01,Norte,Tocantins,4345,76
2020-06-01,Sudeste,Espírito Santo,14069,614
2020-06-01,Sudeste,Minas Gerais,10670,278
2020-06-01,Sudeste,Rio de Janeiro,54530,5462
2020-06-01,Sudeste,São Paulo,111296,7667
2020-06-01,Sul,Paraná,4835,190
2020-06-01,Sul,Rio Grande do Sul,9332,232
2020-06-01,Sul,Santa Catarina,9498,146
2020-06-02,Centro-Oeste,Distrito Federal,11256,177
2020-06-02,Centro-Oeste,Goiás,4377,151
2020-06-02,Centro-Oeste,Mato Grosso,2709,70
2020-06-02,Centro-Oeste,Mato Grosso do Sul,1646,20
2020-06-02,Nordeste,Alagoas,11559,482
2020-06-02,Nordeste,Bahia,21430,736
2020-06-02,Nordeste,Ceará,53073,3421
2020-06-02,Nordeste,Maranhão,36625,997
2020-06-02,Nordeste,Paraíba,14859,379
2020-06-02,Nordeste,Pernambuco,35508,2933
2020-06-02,Nordeste,Piauí,5506,180
2020-06-02,Nordeste,Rio Grande do Norte,8233,341
2020-06-02,Nordeste,Sergipe,7555,172
2020-06-02,Norte,Acre,6465,165
2020-06-02,Norte,Amapá,10511,237
2020-06-02,Norte,Amazonas,43195,2102
2020-06-02,Norte,Pará,41207,3040
2020-06-02,Norte,Rondônia,5477,172
2020-06-02,Norte,Roraima,3850,120
2020-06-02,Norte,Tocantins,4483,79
2020-06-02,Sudeste,Espírito Santo,15151,664
2020-06-02,Sudeste,Minas Gerais,10939,289
2020-06-02,Sudeste,Rio de Janeiro,56732,5686
2020-06-02,Sudeste,São Paulo,118295,7994
2020-06-02,Sul,Paraná,5163,199
2020-06-02,Sul,Rio Grande do Sul,9919,245
2020-06-02,Sul,Santa Catarina,9660,148
2020-06-03,Centro-Oeste,Distrito Federal,12020,191
2020-06-03,Centro-Oeste,Goiás,4570,155
2020-06-03,Centro-Oeste,Mato Grosso,2848,76
2020-06-03,Centro-Oeste,Mato Grosso do Sul,1802,20
2020-06-03,Nordeste,Alagoas,12407,506
2020-06-03,Nordeste,Bahia,22451,762
2020-06-03,Nordeste,Ceará,56056,3605
2020-06-03,Nordeste,Maranhão,38174,1028
2020-06-03,Nordeste,Paraíba,16018,414
2020-06-03,Nordeste,Pernambuco,36463,3012
2020-06-03,Nordeste,Piauí,5828,192
2020-06-03,Nordeste,Rio Grande do Norte,9149,367
2020-06-03,Nordeste,Sergipe,7989,180
2020-06-03,Norte,Acre,6679,171
2020-06-03,Norte,Amapá,11107,247
2020-06-03,Norte,Amazonas,44347,2138
2020-06-03,Norte,Pará,44774,3193
2020-06-03,Norte,Rondônia,5713,180
2020-06-03,Norte,Roraima,4143,124
2020-06-03,Norte,Tocantins,4698,82
2020-06-03,Sudeste,Espírito Santo,16121,698
2020-06-03,Sudeste,Minas Gerais,12010,306
2020-06-03,Sudeste,Rio de Janeiro,59240,6010
2020-06-03,Sudeste,São Paulo,123483,8276
2020-06-03,Sul,Paraná,5494,205
2020-06-03,Sul,Rio Grande do Sul,10398,258
2020-06-03,Sul,Santa Catarina,10034,152
2020-06-04,Centro-Oeste,Distrito Federal,12923,196
2020-06-04,Centro-Oeste,Goiás,4944,164
2020-06-04,Centro-Oeste,Mato Grosso,3194,82
2020-06-04,Centro-Oeste,Mato Grosso do Sul,1925,20
2020-06-04,Nordeste,Alagoas,13097,531
2020-06-04,Nordeste,Bahia,23463,790
2020-06-04,Nordeste,Ceará,59795,3813
2020-06-04,Nordeste,Maranhão,40629,1062
2020-06-04,Nordeste,Paraíba,17579,438
2020-06-04,Nordeste,Pernambuco,37507,3134
2020-06-04,Nordeste,Piauí,6064,202
2020-06-04,Nordeste,Rio Grande do Norte,9282,378
2020-06-04,Nordeste,Sergipe,8200,186
2020-06-04,Norte,Acre,7021,181
2020-06-04,Norte,Amapá,11551,254
2020-06-04,Norte,Amazonas,46473,2183
2020-06-04,Norte,Pará,48049,3416
2020-06-04,Norte,Rondônia,6459,194
2020-06-04,Norte,Roraima,4483,127
2020-06-04,Norte,Tocantins,4881,87
2020-06-04,Sudeste,Espírito Santo,16894,737
2020-06-04,Sudeste,Minas Gerais,13034,323
2020-06-04,Sudeste,Rio de Janeiro,60932,6327
2020-06-04,Sudeste,São Paulo,129200,8560
2020-06-04,Sul,Paraná,5820,215
2020-06-04,Sul,Rio Grande do Sul,11010,265
2020-06-04,Sul,Santa Catarina,10532,156
2020-06-05,Centro-Oeste,Distrito Federal,14208,202
2020-06-05,Centro-Oeste,Goiás,5373,167
2020-06-05,Centro-Oeste,Mato Grosso,3481,88
2020-06-05,Centro-Oeste,Mato Grosso do Sul,1997,21
2020-06-05,Nordeste,Alagoas,13937,557
2020-06-05,Nordeste,Bahia,26419,819
2020-06-05,Nordeste,Ceará,61595,3890
2020-06-05,Nordeste,Maranhão,43313,1095
2020-06-05,Nordeste,Paraíba,18579,451
2020-06-05,Nordeste,Pernambuco,38511,3205
2020-06-05,Nordeste,Piauí,6717,217
2020-06-05,Nordeste,Rio Grande do Norte,9440,387
2020-06-05,Nordeste,Sergipe,8577,198
2020-06-05,Norte,Acre,7284,190
2020-06-05,Norte,Amapá,12327,260
2020-06-05,Norte,Amazonas,47666,2199
2020-06-05,Norte,Pará,50960,3538
2020-06-05,Norte,Rondônia,6862,213
2020-06-05,Norte,Roraima,4831,139
2020-06-05,Norte,Tocantins,5182,89
2020-06-05,Sudeste,Espírito Santo,18109,780
2020-06-05,Sudeste,Minas Gerais,13995,344
2020-06-05,Sudeste,Rio de Janeiro,63066,6473
2020-06-05,Sudeste,São Paulo,134565,8842
2020-06-05,Sul,Paraná,6348,227
2020-06-05,Sul,Rio Grande do Sul,11583,276
2020-06-05,Sul,Santa Catarina,10846,159
2020-06-06,Centro-Oeste,Distrito Federal,15850,208
2020-06-06,Centro-Oeste,Goiás,5669,172
2020-06-06,Centro-Oeste,Mato Grosso,3662,96
2020-06-06,Centro-Oeste,Mato Grosso do Sul,2132,21
2020-06-06,Nordeste,Alagoas,14818,582
2020-06-06,Nordeste,Bahia,27396,846
2020-06-06,Nordeste,Ceará,63575,3965
2020-06-06,Nordeste,Maranhão,45470,1132
2020-06-06,Nordeste,Paraíba,19787,467
2020-06-06,Nordeste,Pernambuco,39361,3270
2020-06-06,Nordeste,Piauí,7105,224
2020-06-06,Nordeste,Rio Grande do Norte,9449,410
2020-06-06,Nordeste,Sergipe,8972,208
2020-06-06,Norte,Acre,7525,201
2020-06-06,Norte,Amapá,12773,269
2020-06-06,Norte,Amazonas,48785,2232
2020-06-06,Norte,Pará,53176,3612
2020-06-06,Norte,Rondônia,7700,228
2020-06-06,Norte,Roraima,5238,139
2020-06-06,Norte,Tocantins,5505,96
2020-06-06,Sudeste,Espírito Santo,18950,806
2020-06-06,Sudeste,Minas Gerais,14939,368
2020-06-06,Sudeste,Rio de Janeiro,64533,6639
2020-06-06,Sudeste,São Paulo,140549,9058
2020-06-06,Sul,Paraná,6605,232
2020-06-06,Sul,Rio Grande do Sul,12037,283
2020-06-06,Sul,Santa Catarina,11285,166
2020-06-07,Centro-Oeste,Distrito Federal,16623,214
2020-06-07,Centro-Oeste,Goiás,5813,173
2020-06-07,Centro-Oeste,Mato Grosso,3878,109
2020-06-07,Centro-Oeste,Mato Grosso do Sul,2253,21
2020-06-07,Nordeste,Alagoas,15706,601
2020-06-07,Nordeste,Bahia,28250,879
2020-06-07,Nordeste,Ceará,64271,3982
2020-06-07,Nordeste,Maranhão,47593,1170
2020-06-07,Nordeste,Paraíba,20310,484
2020-06-07,Nordeste,Pernambuco,40242,3305
2020-06-07,Nordeste,Piauí,7478,239
2020-06-07,Nordeste,Rio Grande do Norte,9452,424
2020-06-07,Nordeste,Sergipe,9290,217
2020-06-07,Norte,Acre,7983,207
2020-06-07,Norte,Amapá,13045,272
2020-06-07,Norte,Amazonas,49269,2250
2020-06-07,Norte,Pará,54271,3678
2020-06-07,Norte,Rondônia,8110,235
2020-06-07,Norte,Roraima,5529,142
2020-06-07,Norte,Tocantins,5644,99
2020-06-07,Sudeste,Espírito Santo,19619,832
2020-06-07,Sudeste,Minas Gerais,15703,376
2020-06-07,Sudeste,Rio de Janeiro,67756,6707
2020-06-07,Sudeste,São Paulo,143073,9145
2020-06-07,Sul,Paraná,6897,237
2020-06-07,Sul,Rio Grande do Sul,12135,286
2020-06-07,Sul,Santa Catarina,11565,171
